file,root,isOpaqueHash,isDuplicate,brand,brandIsNew,categorySlug,groupKey,nameGuess
"images/accessories/Balenciaga-Everyday-Belt-Bag-Black-2.jpg","images","false","false","Balenciaga","false","accessories","Balenciaga-Everyday-Belt-Bag-Black","Balenciaga Everyday Belt Bag Black"
"images/accessories/Balenciaga-Everyday-Belt-Bag-Black.jpg","images","false","false","Balenciaga","false","accessories","Balenciaga-Everyday-Belt-Bag-Black","Balenciaga Everyday Belt Bag Black"
"images/accessories/Bearbrick-Keith-Haring-Andy-Mouse-1000-1-.webp","images","false","false","Bearbrick","true","accessories","Bearbrick-Keith-Haring-Andy-Mouse-1000","Bearbrick Keith Haring Andy Mouse 1000"
"images/accessories/Bearbrick-Keith-Haring-Andy-Mouse-1000-2-1-.webp","images","false","false","Bearbrick","true","accessories","Bearbrick-Keith-Haring-Andy-Mouse-1000","Bearbrick Keith Haring Andy Mouse 1000"
"images/accessories/Bearbrick-Keith-Haring-Andy-Mouse-1000-2.webp","images","false","false","Bearbrick","true","accessories","Bearbrick-Keith-Haring-Andy-Mouse-1000","Bearbrick Keith Haring Andy Mouse 1000"
"images/accessories/Bearbrick-Keith-Haring-Andy-Mouse-1000.webp","images","false","false","Bearbrick","true","accessories","Bearbrick-Keith-Haring-Andy-Mouse-1000","Bearbrick Keith Haring Andy Mouse 1000"
"images/accessories/Bearbrick-x-roarguns-20th-Anniversary-1000-2.webp","images","false","false","Bearbrick","true","accessories","Bearbrick-x-roarguns-20th-Anniversary-1000","Bearbrick x roarguns 20th Anniversary 1000"
"images/accessories/Bearbrick-x-roarguns-20th-Anniversary-1000.webp","images","false","false","Bearbrick","true","accessories","Bearbrick-x-roarguns-20th-Anniversary-1000","Bearbrick x roarguns 20th Anniversary 1000"
"images/accessories/Chrome-Heart-X-Matty-Boy-Flame-Socks-Black.webp","images","false","false","Chrome Hearts","true","accessories","Chrome-Heart-X-Matty-Boy-Flame-Socks-Black","Chrome Heart x Matty Boy Flame Socks Black"
"images/accessories/Chrome-Heart-X-Matty-Boy-Flame-Socks-Green.webp","images","false","false","Chrome Hearts","true","accessories","Chrome-Heart-X-Matty-Boy-Flame-Socks-Green","Chrome Heart x Matty Boy Flame Socks Green"
"images/accessories/Chrome-Heart-X-Matty-Boy-Flame-Socks-Yellow.webp","images","false","false","Chrome Hearts","true","accessories","Chrome-Heart-X-Matty-Boy-Flame-Socks-Yellow","Chrome Heart x Matty Boy Flame Socks Yellow"
"images/accessories/Chrome-Hearts-Baseball-Hat-Brown-1-.jpg","images","false","false","Chrome Hearts","true","accessories","Chrome-Hearts-Baseball-Hat-Brown","Chrome Hearts Baseball Hat Brown"
"images/accessories/Chrome-Hearts-Baseball-Hat-Brown-2-1-.jpg","images","false","false","Chrome Hearts","true","accessories","Chrome-Hearts-Baseball-Hat-Brown","Chrome Hearts Baseball Hat Brown"
"images/accessories/Chrome-Hearts-Baseball-Hat-Brown-2.jpg","images","false","false","Chrome Hearts","true","accessories","Chrome-Hearts-Baseball-Hat-Brown","Chrome Hearts Baseball Hat Brown"
"images/accessories/Chrome-Hearts-Baseball-Hat-Brown.jpg","images","false","false","Chrome Hearts","true","accessories","Chrome-Hearts-Baseball-Hat-Brown","Chrome Hearts Baseball Hat Brown"
"images/accessories/Chrome-Hearts-Black-Triple-Cross-Leather-Zip-Wallet-2.jpg","images","false","false","Chrome Hearts","true","accessories","Chrome-Hearts-Black-Triple-Cross-Leather-Zip-Wallet","Chrome Hearts Black Triple Cross Leather Zip Wallet"
"images/accessories/Chrome-Hearts-Black-Triple-Cross-Leather-Zip-Wallet.jpg","images","false","false","Chrome Hearts","true","accessories","Chrome-Hearts-Black-Triple-Cross-Leather-Zip-Wallet","Chrome Hearts Black Triple Cross Leather Zip Wallet"
"images/accessories/Chrome-Hearts-CH-Hollywood-Trucker-Hat-BlackWhite.webp","images","false","false","Chrome Hearts","true","accessories","Chrome-Hearts-CH-Hollywood-Trucker-Hat-BlackWhite","Chrome Hearts CH Hollywood Trucker Hat BlackWhite"
"images/accessories/Chrome-Hearts-CH-London-Trucker-Cap-BlackWhite-1-.webp","images","false","false","Chrome Hearts","true","accessories","Chrome-Hearts-CH-London-Trucker-Cap-BlackWhite","Chrome Hearts CH London Trucker Cap BlackWhite"
"images/accessories/Chrome-Hearts-CH-London-Trucker-Cap-BlackWhite.webp","images","false","false","Chrome Hearts","true","accessories","Chrome-Hearts-CH-London-Trucker-Cap-BlackWhite","Chrome Hearts CH London Trucker Cap BlackWhite"
"images/accessories/Chrome-Hearts-Chirp-Chirp-Glasses-BlackSilver-1-.jpg","images","false","false","Chrome Hearts","true","accessories","Chrome-Hearts-Chirp-Chirp-Glasses-BlackSilver","Chrome Hearts Chirp Chirp Glasses BlackSilver"
"images/accessories/Chrome-Hearts-Chirp-Chirp-Glasses-BlackSilver-2-1-.jpg","images","false","false","Chrome Hearts","true","accessories","Chrome-Hearts-Chirp-Chirp-Glasses-BlackSilver","Chrome Hearts Chirp Chirp Glasses BlackSilver"
"images/accessories/Chrome-Hearts-Chirp-Chirp-Glasses-BlackSilver-2.jpg","images","false","false","Chrome Hearts","true","accessories","Chrome-Hearts-Chirp-Chirp-Glasses-BlackSilver","Chrome Hearts Chirp Chirp Glasses BlackSilver"
"images/accessories/Chrome-Hearts-Chirp-Chirp-Glasses-BlackSilver.jpg","images","false","false","Chrome Hearts","true","accessories","Chrome-Hearts-Chirp-Chirp-Glasses-BlackSilver","Chrome Hearts Chirp Chirp Glasses BlackSilver"
"images/accessories/Chrome-Hearts-Cross-Patch-Baseball-Hat-Blue-2.jpg","images","false","false","Chrome Hearts","true","accessories","Chrome-Hearts-Cross-Patch-Baseball-Hat-Blue","Chrome Hearts Cross Patch Baseball Hat Blue"
"images/accessories/Chrome-Hearts-Cross-Patch-Baseball-Hat-Blue.jpg","images","false","false","Chrome Hearts","true","accessories","Chrome-Hearts-Cross-Patch-Baseball-Hat-Blue","Chrome Hearts Cross Patch Baseball Hat Blue"
"images/accessories/Chrome-Hearts-Cross-Patch-Black-Leather-Tote-Bag-1-.jpg","images","false","false","Chrome Hearts","true","accessories","Chrome-Hearts-Cross-Patch-Black-Leather-Tote-Bag","Chrome Hearts Cross Patch Black Leather Tote Bag"
"images/accessories/Chrome-Hearts-Cross-Patch-Black-Leather-Tote-Bag-2-1-.jpg","images","false","false","Chrome Hearts","true","accessories","Chrome-Hearts-Cross-Patch-Black-Leather-Tote-Bag","Chrome Hearts Cross Patch Black Leather Tote Bag"
"images/accessories/Chrome-Hearts-Cross-Patch-Black-Leather-Tote-Bag-2.jpg","images","false","false","Chrome Hearts","true","accessories","Chrome-Hearts-Cross-Patch-Black-Leather-Tote-Bag","Chrome Hearts Cross Patch Black Leather Tote Bag"
"images/accessories/Chrome-Hearts-Cross-Patch-Black-Leather-Tote-Bag.jpg","images","false","false","Chrome Hearts","true","accessories","Chrome-Hearts-Cross-Patch-Black-Leather-Tote-Bag","Chrome Hearts Cross Patch Black Leather Tote Bag"
"images/accessories/Chrome-Hearts-Cross-Patch-Cap-BlueYellow-2.jpg","images","false","false","Chrome Hearts","true","accessories","Chrome-Hearts-Cross-Patch-Cap-BlueYellow","Chrome Hearts Cross Patch Cap BlueYellow"
"images/accessories/Chrome-Hearts-Cross-Patch-Cap-BlueYellow.jpg","images","false","false","Chrome Hearts","true","accessories","Chrome-Hearts-Cross-Patch-Cap-BlueYellow","Chrome Hearts Cross Patch Cap BlueYellow"
"images/accessories/Chrome-Hearts-Fleur-De-Lis-Leather-Medicine-Bag-Black-1-.jpg","images","false","false","Chrome Hearts","true","accessories","Chrome-Hearts-Fleur-De-Lis-Leather-Medicine-Bag-Black","Chrome Hearts Fleur De Lis Leather Medicine Bag Black"
"images/accessories/Chrome-Hearts-Fleur-De-Lis-Leather-Medicine-Bag-Black-2-1-.jpg","images","false","false","Chrome Hearts","true","accessories","Chrome-Hearts-Fleur-De-Lis-Leather-Medicine-Bag-Black","Chrome Hearts Fleur De Lis Leather Medicine Bag Black"
"images/accessories/Chrome-Hearts-Fleur-De-Lis-Leather-Medicine-Bag-Black-2.jpg","images","false","false","Chrome Hearts","true","accessories","Chrome-Hearts-Fleur-De-Lis-Leather-Medicine-Bag-Black","Chrome Hearts Fleur De Lis Leather Medicine Bag Black"
"images/accessories/Chrome-Hearts-Fleur-De-Lis-Leather-Medicine-Bag-Black.jpg","images","false","false","Chrome Hearts","true","accessories","Chrome-Hearts-Fleur-De-Lis-Leather-Medicine-Bag-Black","Chrome Hearts Fleur De Lis Leather Medicine Bag Black"
"images/accessories/Chrome-Hearts-Galaxy-Cross-Patch-Wrist-Band.jpg","images","false","false","Chrome Hearts","true","accessories","Chrome-Hearts-Galaxy-Cross-Patch-Wrist-Band","Chrome Hearts Galaxy Cross Patch Wrist Band"
"images/accessories/Chrome-Hearts-July-4th-Trucker-Hat-RedBlueWhite-2.jpg","images","false","false","Chrome Hearts","true","accessories","Chrome-Hearts-July-4th-Trucker-Hat-RedBlueWhite","Chrome Hearts July 4th Trucker Hat RedBlueWhite"
"images/accessories/Chrome-Hearts-July-4th-Trucker-Hat-RedBlueWhite.jpg","images","false","false","Chrome Hearts","true","accessories","Chrome-Hearts-July-4th-Trucker-Hat-RedBlueWhite","Chrome Hearts July 4th Trucker Hat RedBlueWhite"
"images/accessories/Chrome-Hearts-King-Taco-Patch-Trucker-Hat-BlackWhite.jpg","images","false","false","Chrome Hearts","true","accessories","Chrome-Hearts-King-Taco-Patch-Trucker-Hat-BlackWhite","Chrome Hearts King Taco Patch Trucker Hat BlackWhite"
"images/accessories/Chrome-Hearts-Porny-Matte-BlackSilver-Sunglasses-2.jpg","images","false","false","Chrome Hearts","true","accessories","Chrome-Hearts-Porny-Matte-BlackSilver-Sunglasses","Chrome Hearts Porny Matte BlackSilver Sunglasses"
"images/accessories/Chrome-Hearts-Porny-Matte-BlackSilver-Sunglasses.jpg","images","false","false","Chrome Hearts","true","accessories","Chrome-Hearts-Porny-Matte-BlackSilver-Sunglasses","Chrome Hearts Porny Matte BlackSilver Sunglasses"
"images/accessories/Chrome-Hearts-Silver-CH-NYC-Fuck-You-3MM-Ring-US-Size-7-2.jpg","images","false","false","Chrome Hearts","true","accessories","Chrome-Hearts-Silver-CH-NYC-Fuck-You-3MM-Ring-US-Size","Chrome Hearts Silver CH NYC Fuck You 3MM Ring US Size"
"images/accessories/Chrome-Hearts-Silver-CH-NYC-Fuck-You-3MM-Ring-US-Size-7.jpg","images","false","false","Chrome Hearts","true","accessories","Chrome-Hearts-Silver-CH-NYC-Fuck-You-3MM-Ring-US-Size","Chrome Hearts Silver CH NYC Fuck You 3MM Ring US Size"
"images/accessories/Chrome-Hearts-Silver-Crown-Triple-Cross-Ring-US-Size-6-1-.jpg","images","false","false","Chrome Hearts","true","accessories","Chrome-Hearts-Silver-Crown-Triple-Cross-Ring-US-Size","Chrome Hearts Silver Crown Triple Cross Ring US Size"
"images/accessories/Chrome-Hearts-Silver-Crown-Triple-Cross-Ring-US-Size-6-2-1-.jpg","images","false","false","Chrome Hearts","true","accessories","Chrome-Hearts-Silver-Crown-Triple-Cross-Ring-US-Size","Chrome Hearts Silver Crown Triple Cross Ring US Size"
"images/accessories/Chrome-Hearts-Silver-Crown-Triple-Cross-Ring-US-Size-6-2.jpg","images","false","false","Chrome Hearts","true","accessories","Chrome-Hearts-Silver-Crown-Triple-Cross-Ring-US-Size","Chrome Hearts Silver Crown Triple Cross Ring US Size"
"images/accessories/Chrome-Hearts-Silver-Crown-Triple-Cross-Ring-US-Size-6.jpg","images","false","false","Chrome Hearts","true","accessories","Chrome-Hearts-Silver-Crown-Triple-Cross-Ring-US-Size","Chrome Hearts Silver Crown Triple Cross Ring US Size"
"images/accessories/Chrome-Hearts-Silver-Dagger-Electric-Blue-Chicken-Nugget-Calfskin-Leather-Bag-1-.jpg","images","false","false","Chrome Hearts","true","accessories","Chrome-Hearts-Silver-Dagger-Electric-Blue-Chicken-Nugget-Calfskin-Leather-Bag","Chrome Hearts Silver Dagger Electric Blue Chicken Nugget Calfskin Leather Bag"
"images/accessories/Chrome-Hearts-Silver-Dagger-Electric-Blue-Chicken-Nugget-Calfskin-Leather-Bag-2-1-.jpg","images","false","false","Chrome Hearts","true","accessories","Chrome-Hearts-Silver-Dagger-Electric-Blue-Chicken-Nugget-Calfskin-Leather-Bag","Chrome Hearts Silver Dagger Electric Blue Chicken Nugget Calfskin Leather Bag"
"images/accessories/Chrome-Hearts-Silver-Dagger-Electric-Blue-Chicken-Nugget-Calfskin-Leather-Bag-2.jpg","images","false","false","Chrome Hearts","true","accessories","Chrome-Hearts-Silver-Dagger-Electric-Blue-Chicken-Nugget-Calfskin-Leather-Bag","Chrome Hearts Silver Dagger Electric Blue Chicken Nugget Calfskin Leather Bag"
"images/accessories/Chrome-Hearts-Silver-Dagger-Electric-Blue-Chicken-Nugget-Calfskin-Leather-Bag.jpg","images","false","false","Chrome Hearts","true","accessories","Chrome-Hearts-Silver-Dagger-Electric-Blue-Chicken-Nugget-Calfskin-Leather-Bag","Chrome Hearts Silver Dagger Electric Blue Chicken Nugget Calfskin Leather Bag"
"images/accessories/Chrome-Hearts-Silver-Dagger-Money-Clip-2.jpg","images","false","false","Chrome Hearts","true","accessories","Chrome-Hearts-Silver-Dagger-Money-Clip","Chrome Hearts Silver Dagger Money Clip"
"images/accessories/Chrome-Hearts-Silver-Dagger-Money-Clip.jpg","images","false","false","Chrome Hearts","true","accessories","Chrome-Hearts-Silver-Dagger-Money-Clip","Chrome Hearts Silver Dagger Money Clip"
"images/accessories/Chrome-Hearts-Silver-Dagger-Zip-Pendant-Round-1-.jpg","images","false","false","Chrome Hearts","true","accessories","Chrome-Hearts-Silver-Dagger-Zip-Pendant-Round","Chrome Hearts Silver Dagger Zip Pendant Round"
"images/accessories/Chrome-Hearts-Silver-Dagger-Zip-Pendant-Round-2-1-.jpg","images","false","false","Chrome Hearts","true","accessories","Chrome-Hearts-Silver-Dagger-Zip-Pendant-Round","Chrome Hearts Silver Dagger Zip Pendant Round"
"images/accessories/Chrome-Hearts-Silver-Dagger-Zip-Pendant-Round-2.jpg","images","false","false","Chrome Hearts","true","accessories","Chrome-Hearts-Silver-Dagger-Zip-Pendant-Round","Chrome Hearts Silver Dagger Zip Pendant Round"
"images/accessories/Chrome-Hearts-Silver-Dagger-Zip-Pendant-Round.jpg","images","false","false","Chrome Hearts","true","accessories","Chrome-Hearts-Silver-Dagger-Zip-Pendant-Round","Chrome Hearts Silver Dagger Zip Pendant Round"
"images/accessories/Chrome-Hearts-Silver-Fuck-You-Spacer-Ring-US-Size-7-1-.jpg","images","false","false","Chrome Hearts","true","accessories","Chrome-Hearts-Silver-Fuck-You-Spacer-Ring-US-Size","Chrome Hearts Silver Fuck You Spacer Ring US Size"
"images/accessories/Chrome-Hearts-Silver-Fuck-You-Spacer-Ring-US-Size-7-2-1-.jpg","images","false","false","Chrome Hearts","true","accessories","Chrome-Hearts-Silver-Fuck-You-Spacer-Ring-US-Size","Chrome Hearts Silver Fuck You Spacer Ring US Size"
"images/accessories/Chrome-Hearts-Silver-Fuck-You-Spacer-Ring-US-Size-7-2.jpg","images","false","false","Chrome Hearts","true","accessories","Chrome-Hearts-Silver-Fuck-You-Spacer-Ring-US-Size","Chrome Hearts Silver Fuck You Spacer Ring US Size"
"images/accessories/Chrome-Hearts-Silver-Fuck-You-Spacer-Ring-US-Size-7.jpg","images","false","false","Chrome Hearts","true","accessories","Chrome-Hearts-Silver-Fuck-You-Spacer-Ring-US-Size","Chrome Hearts Silver Fuck You Spacer Ring US Size"
"images/accessories/Chrome-Hearts-Silver-Six-Point-Star-Pendant-1-.jpg","images","false","false","Chrome Hearts","true","accessories","Chrome-Hearts-Silver-Six-Point-Star-Pendant","Chrome Hearts Silver Six Point Star Pendant"
"images/accessories/Chrome-Hearts-Silver-Six-Point-Star-Pendant.jpg","images","false","false","Chrome Hearts","true","accessories","Chrome-Hearts-Silver-Six-Point-Star-Pendant","Chrome Hearts Silver Six Point Star Pendant"
"images/accessories/Chrome-Hearts-Silver-Triple-Cross-Pendant-1-.jpg","images","false","false","Chrome Hearts","true","accessories","Chrome-Hearts-Silver-Triple-Cross-Pendant","Chrome Hearts Silver Triple Cross Pendant"
"images/accessories/Chrome-Hearts-Silver-Triple-Cross-Pendant-2-1-.jpg","images","false","false","Chrome Hearts","true","accessories","Chrome-Hearts-Silver-Triple-Cross-Pendant","Chrome Hearts Silver Triple Cross Pendant"
"images/accessories/Chrome-Hearts-Silver-Triple-Cross-Pendant-2.jpg","images","false","false","Chrome Hearts","true","accessories","Chrome-Hearts-Silver-Triple-Cross-Pendant","Chrome Hearts Silver Triple Cross Pendant"
"images/accessories/Chrome-Hearts-Silver-Triple-Cross-Pendant.jpg","images","false","false","Chrome Hearts","true","accessories","Chrome-Hearts-Silver-Triple-Cross-Pendant","Chrome Hearts Silver Triple Cross Pendant"
"images/accessories/Chrome-Hearts-Silver-XLarge-Triple-Cross-Pendant-1-.jpg","images","false","false","Chrome Hearts","true","accessories","Chrome-Hearts-Silver-XLarge-Triple-Cross-Pendant","Chrome Hearts Silver XLarge Triple Cross Pendant"
"images/accessories/Chrome-Hearts-Silver-XLarge-Triple-Cross-Pendant-2-1-.jpg","images","false","false","Chrome Hearts","true","accessories","Chrome-Hearts-Silver-XLarge-Triple-Cross-Pendant","Chrome Hearts Silver XLarge Triple Cross Pendant"
"images/accessories/Chrome-Hearts-Silver-XLarge-Triple-Cross-Pendant-2.jpg","images","false","false","Chrome Hearts","true","accessories","Chrome-Hearts-Silver-XLarge-Triple-Cross-Pendant","Chrome Hearts Silver XLarge Triple Cross Pendant"
"images/accessories/Chrome-Hearts-Silver-XLarge-Triple-Cross-Pendant.jpg","images","false","false","Chrome Hearts","true","accessories","Chrome-Hearts-Silver-XLarge-Triple-Cross-Pendant","Chrome Hearts Silver XLarge Triple Cross Pendant"
"images/accessories/Chrome-Hearts-Sport-Striped-Socks-BlackGreen-51d1c448.jpg","images","false","false","Chrome Hearts","true","accessories","Chrome-Hearts-Sport-Striped-Socks-BlackGreen","Chrome Hearts Sport Striped Socks BlackGreen"
"images/accessories/Chrome-Hearts-Sport-Striped-Socks-BlackGreen-6c2f648a.jpg","images","false","false","Chrome Hearts","true","accessories","Chrome-Hearts-Sport-Striped-Socks-BlackGreen","Chrome Hearts Sport Striped Socks BlackGreen"
"images/accessories/Chrome-Hearts-Sport-Striped-Socks-BlackYellow-1-.jpg","images","false","false","Chrome Hearts","true","accessories","Chrome-Hearts-Sport-Striped-Socks-BlackYellow","Chrome Hearts Sport Striped Socks BlackYellow"
"images/accessories/Chrome-Hearts-Sport-Striped-Socks-BlackYellow.jpg","images","false","false","Chrome Hearts","true","accessories","Chrome-Hearts-Sport-Striped-Socks-BlackYellow","Chrome Hearts Sport Striped Socks BlackYellow"
"images/accessories/Chrome-Hearts-Sport-Striped-Socks-WhiteBurgundyNavy-d92f6904.jpg","images","false","false","Chrome Hearts","true","accessories","Chrome-Hearts-Sport-Striped-Socks-WhiteBurgundyNavy","Chrome Hearts Sport Striped Socks WhiteBurgundyNavy"
"images/accessories/Chrome-Hearts-Sport-Striped-Socks-WhiteBurgundyNavy.jpg","images","false","false","Chrome Hearts","true","accessories","Chrome-Hearts-Sport-Striped-Socks-WhiteBurgundyNavy","Chrome Hearts Sport Striped Socks WhiteBurgundyNavy"
"images/accessories/Chrome-Hearts-Sport-Striped-Socks-WhiteGreenOrange-1-.jpg","images","false","false","Chrome Hearts","true","accessories","Chrome-Hearts-Sport-Striped-Socks-WhiteGreenOrange","Chrome Hearts Sport Striped Socks WhiteGreenOrange"
"images/accessories/Chrome-Hearts-Sport-Striped-Socks-WhiteGreenOrange.jpg","images","false","false","Chrome Hearts","true","accessories","Chrome-Hearts-Sport-Striped-Socks-WhiteGreenOrange","Chrome Hearts Sport Striped Socks WhiteGreenOrange"
"images/accessories/Chrome-Hearts-Sport-Striped-Socks-WhiteYellowGrey-1-.jpg","images","false","false","Chrome Hearts","true","accessories","Chrome-Hearts-Sport-Striped-Socks-WhiteYellowGrey","Chrome Hearts Sport Striped Socks WhiteYellowGrey"
"images/accessories/Chrome-Hearts-Sport-Striped-Socks-WhiteYellowGrey.jpg","images","false","false","Chrome Hearts","true","accessories","Chrome-Hearts-Sport-Striped-Socks-WhiteYellowGrey","Chrome Hearts Sport Striped Socks WhiteYellowGrey"
"images/accessories/Chrome-Hearts-Steezin-Electric-Green.jpg","images","false","false","Chrome Hearts","true","accessories","Chrome-Hearts-Steezin-Electric-Green","Chrome Hearts Steezin Electric Green"
"images/accessories/Chrome-Hearts-Stencil-Socks-Black-1-.jpg","images","false","false","Chrome Hearts","true","accessories","Chrome-Hearts-Stencil-Socks-Black","Chrome Hearts Stencil Socks Black"
"images/accessories/Chrome-Hearts-Stencil-Socks-Black.jpg","images","false","false","Chrome Hearts","true","accessories","Chrome-Hearts-Stencil-Socks-Black","Chrome Hearts Stencil Socks Black"
"images/accessories/Chrome-Hearts-Stencil-Socks-Red-1-.jpg","images","false","false","Chrome Hearts","true","accessories","Chrome-Hearts-Stencil-Socks-Red","Chrome Hearts Stencil Socks Red"
"images/accessories/Chrome-Hearts-Stencil-Socks-Red-2-d650f57c-1-.jpg","images","false","false","Chrome Hearts","true","accessories","Chrome-Hearts-Stencil-Socks-Red","Chrome Hearts Stencil Socks Red"
"images/accessories/Chrome-Hearts-Stencil-Socks-Red-2-d650f57c.jpg","images","false","false","Chrome Hearts","true","accessories","Chrome-Hearts-Stencil-Socks-Red","Chrome Hearts Stencil Socks Red"
"images/accessories/Chrome-Hearts-Stencil-Socks-Red.jpg","images","false","false","Chrome Hearts","true","accessories","Chrome-Hearts-Stencil-Socks-Red","Chrome Hearts Stencil Socks Red"
"images/accessories/Chrome-Hearts-Stencil-Socks-White-1-.jpg","images","false","false","Chrome Hearts","true","accessories","Chrome-Hearts-Stencil-Socks-White","Chrome Hearts Stencil Socks White"
"images/accessories/Chrome-Hearts-Stencil-Socks-White.jpg","images","false","false","Chrome Hearts","true","accessories","Chrome-Hearts-Stencil-Socks-White","Chrome Hearts Stencil Socks White"
"images/accessories/Chrome-Hearts-Triple-Cross-Cemetery-Hat-Pony-Hair-Black.webp","images","false","false","Chrome Hearts","true","accessories","Chrome-Hearts-Triple-Cross-Cemetery-Hat-Pony-Hair-Black","Chrome Hearts Triple Cross Cemetery Hat Pony Hair Black"
"images/accessories/Chrome-Hearts-VIV-Dagger-Leather-Shoulder-Bag-Black-1-.jpg","images","false","false","Chrome Hearts","true","accessories","Chrome-Hearts-VIV-Dagger-Leather-Shoulder-Bag-Black","Chrome Hearts VIV Dagger Leather Shoulder Bag Black"
"images/accessories/Chrome-Hearts-VIV-Dagger-Leather-Shoulder-Bag-Black-2-1-.jpg","images","false","false","Chrome Hearts","true","accessories","Chrome-Hearts-VIV-Dagger-Leather-Shoulder-Bag-Black","Chrome Hearts VIV Dagger Leather Shoulder Bag Black"
"images/accessories/Chrome-Hearts-VIV-Dagger-Leather-Shoulder-Bag-Black-2.jpg","images","false","false","Chrome Hearts","true","accessories","Chrome-Hearts-VIV-Dagger-Leather-Shoulder-Bag-Black","Chrome Hearts VIV Dagger Leather Shoulder Bag Black"
"images/accessories/Chrome-Hearts-VIV-Dagger-Leather-Shoulder-Bag-Black.jpg","images","false","false","Chrome Hearts","true","accessories","Chrome-Hearts-VIV-Dagger-Leather-Shoulder-Bag-Black","Chrome Hearts VIV Dagger Leather Shoulder Bag Black"
"images/accessories/Chrome-Hearts-Vintage-Floral-Cross-Thermal-Beanie-White-2.jpg","images","false","false","Chrome Hearts","true","accessories","Chrome-Hearts-Vintage-Floral-Cross-Thermal-Beanie-White","Chrome Hearts Vintage Floral Cross Thermal Beanie White"
"images/accessories/Chrome-Hearts-Vintage-Floral-Cross-Thermal-Beanie-White.jpg","images","false","false","Chrome Hearts","true","accessories","Chrome-Hearts-Vintage-Floral-Cross-Thermal-Beanie-White","Chrome Hearts Vintage Floral Cross Thermal Beanie White"
"images/accessories/Chrome-Hearts-Vintage-Horseshoe-Denim-Baseball-Hat-Sun-Faded-Black-1-.jpg","images","false","false","Chrome Hearts","true","accessories","Chrome-Hearts-Vintage-Horseshoe-Denim-Baseball-Hat-Sun-Faded-Black","Chrome Hearts Vintage Horseshoe Denim Baseball Hat Sun Faded Black"
"images/accessories/Chrome-Hearts-Vintage-Horseshoe-Denim-Baseball-Hat-Sun-Faded-Black-2-1-.jpg","images","false","false","Chrome Hearts","true","accessories","Chrome-Hearts-Vintage-Horseshoe-Denim-Baseball-Hat-Sun-Faded-Black","Chrome Hearts Vintage Horseshoe Denim Baseball Hat Sun Faded Black"
"images/accessories/Chrome-Hearts-Vintage-Horseshoe-Denim-Baseball-Hat-Sun-Faded-Black-2.jpg","images","false","false","Chrome Hearts","true","accessories","Chrome-Hearts-Vintage-Horseshoe-Denim-Baseball-Hat-Sun-Faded-Black","Chrome Hearts Vintage Horseshoe Denim Baseball Hat Sun Faded Black"
"images/accessories/Chrome-Hearts-Vintage-Horseshoe-Denim-Baseball-Hat-Sun-Faded-Black.jpg","images","false","false","Chrome Hearts","true","accessories","Chrome-Hearts-Vintage-Horseshoe-Denim-Baseball-Hat-Sun-Faded-Black","Chrome Hearts Vintage Horseshoe Denim Baseball Hat Sun Faded Black"
"images/accessories/Chrome-Hearts-Watch-Cap-Purple-1-.webp","images","false","false","Chrome Hearts","true","accessories","Chrome-Hearts-Watch-Cap-Purple","Chrome Hearts Watch Cap Purple"
"images/accessories/Chrome-Hearts-Watch-Cap-Purple-2-1-.webp","images","false","false","Chrome Hearts","true","accessories","Chrome-Hearts-Watch-Cap-Purple","Chrome Hearts Watch Cap Purple"
"images/accessories/Chrome-Hearts-Watch-Cap-Purple-2.webp","images","false","false","Chrome Hearts","true","accessories","Chrome-Hearts-Watch-Cap-Purple","Chrome Hearts Watch Cap Purple"
"images/accessories/Chrome-Hearts-Watch-Cap-Purple.webp","images","false","false","Chrome Hearts","true","accessories","Chrome-Hearts-Watch-Cap-Purple","Chrome Hearts Watch Cap Purple"
"images/accessories/Chrome-Hearts-White-Nylon-Snat-Bag-Mini-2.jpg","images","false","false","Chrome Hearts","true","accessories","Chrome-Hearts-White-Nylon-Snat-Bag-Mini","Chrome Hearts White Nylon Snat Bag Mini"
"images/accessories/Chrome-Hearts-White-Nylon-Snat-Bag-Mini.jpg","images","false","false","Chrome Hearts","true","accessories","Chrome-Hearts-White-Nylon-Snat-Bag-Mini","Chrome Hearts White Nylon Snat Bag Mini"
"images/accessories/Goyard-Boeing-Goyardine-55-Black-2.jpg","images","false","false","Goyard","true","accessories","Goyard-Boeing-Goyardine-55-Black","Goyard Boeing Goyardine 55 Black"
"images/accessories/Goyard-Boeing-Goyardine-55-Black.jpg","images","false","false","Goyard","true","accessories","Goyard-Boeing-Goyardine-55-Black","Goyard Boeing Goyardine 55 Black"
"images/accessories/Goyard-Jouvence-Toiletry-Bag-MM-Black-2.jpg","images","false","false","Goyard","true","accessories","Goyard-Jouvence-Toiletry-Bag-MM-Black","Goyard Jouvence Toiletry Bag MM Black"
"images/accessories/Goyard-Jouvence-Toiletry-Bag-MM-Black.jpg","images","false","false","Goyard","true","accessories","Goyard-Jouvence-Toiletry-Bag-MM-Black","Goyard Jouvence Toiletry Bag MM Black"
"images/accessories/Goyard-Saint-Sulpice-Red-2.jpg","images","false","false","Goyard","true","accessories","Goyard-Saint-Sulpice-Red","Goyard Saint Sulpice Red"
"images/accessories/Goyard-Saint-Sulpice-Red.jpg","images","false","false","Goyard","true","accessories","Goyard-Saint-Sulpice-Red","Goyard Saint Sulpice Red"
"images/accessories/Hermes-Constance-Elan-25-Black-Poros-Crocodile-with-Shiny-Gold-Hardware-2.jpg","images","false","false","Hermès","true","accessories","Hermes-Constance-Elan-25-Black-Poros-Crocodile-with-Shiny-Gold-Hardware","Hermes Constance Elan 25 Black Poros Crocodile with Shiny Gold Hardware"
"images/accessories/Hermes-Constance-Elan-25-Black-Poros-Crocodile-with-Shiny-Gold-Hardware.jpg","images","false","false","Hermès","true","accessories","Hermes-Constance-Elan-25-Black-Poros-Crocodile-with-Shiny-Gold-Hardware","Hermes Constance Elan 25 Black Poros Crocodile with Shiny Gold Hardware"
"images/accessories/Hermes-Constance-Elan25-Amethyst-Nilo-Croc-Shiny-Palladium-Hardware-2.jpg","images","false","false","Hermès","true","accessories","Hermes-Constance-Elan25-Amethyst-Nilo-Croc-Shiny-Palladium-Hardware","Hermes Constance Elan25 Amethyst Nilo Croc Shiny Palladium Hardware"
"images/accessories/Hermes-Constance-Elan25-Amethyst-Nilo-Croc-Shiny-Palladium-Hardware.jpg","images","false","false","Hermès","true","accessories","Hermes-Constance-Elan25-Amethyst-Nilo-Croc-Shiny-Palladium-Hardware","Hermes Constance Elan25 Amethyst Nilo Croc Shiny Palladium Hardware"
"images/accessories/Hermes-Kelly-28-Retourne-Bleu-Electric-Togo-with-Palladium-Hardware-2.jpg","images","false","false","Hermès","true","accessories","Hermes-Kelly-28-Retourne-Bleu-Electric-Togo-with-Palladium-Hardware","Hermes Kelly 28 Retourne Bleu Electric Togo with Palladium Hardware"
"images/accessories/Hermes-Kelly-28-Retourne-Bleu-Electric-Togo-with-Palladium-Hardware.jpg","images","false","false","Hermès","true","accessories","Hermes-Kelly-28-Retourne-Bleu-Electric-Togo-with-Palladium-Hardware","Hermes Kelly 28 Retourne Bleu Electric Togo with Palladium Hardware"
"images/accessories/Hermes-Mini-Kelly-Jump-Backpack-Etoupe-Swift-with-Palladium-Hardware-2.jpg","images","false","false","Hermès","true","accessories","Hermes-Mini-Kelly-Jump-Backpack-Etoupe-Swift-with-Palladium-Hardware","Hermes Mini Kelly Jump Backpack Etoupe Swift with Palladium Hardware"
"images/accessories/Hermes-Mini-Kelly-Jump-Backpack-Etoupe-Swift-with-Palladium-Hardware.jpg","images","false","false","Hermès","true","accessories","Hermes-Mini-Kelly-Jump-Backpack-Etoupe-Swift-with-Palladium-Hardware","Hermes Mini Kelly Jump Backpack Etoupe Swift with Palladium Hardware"
"images/accessories/Louis-Vuitton-Keepall-Bandouliere-Monogram-Eclipse-55-BlackGrey-2.jpg","images","false","false","Louis Vuitton","false","accessories","Louis-Vuitton-Keepall-Bandouliere-Monogram-Eclipse-55-BlackGrey","Louis Vuitton Keepall Bandouliere Monogram Eclipse 55 BlackGrey"
"images/accessories/Louis-Vuitton-Keepall-Bandouliere-Monogram-Eclipse-55-BlackGrey.jpg","images","false","false","Louis Vuitton","false","accessories","Louis-Vuitton-Keepall-Bandouliere-Monogram-Eclipse-55-BlackGrey","Louis Vuitton Keepall Bandouliere Monogram Eclipse 55 BlackGrey"
"images/accessories/Louis-Vuitton-x-Supreme-Apollo-Backpack-Monogram-Camo-1-.jpg","images","false","false","Louis Vuitton","false","accessories","Louis-Vuitton-x-Supreme-Apollo-Backpack-Monogram-Camo","Louis Vuitton x Supreme Apollo Backpack Monogram Camo"
"images/accessories/Louis-Vuitton-x-Supreme-Apollo-Backpack-Monogram-Camo.jpg","images","false","false","Louis Vuitton","false","accessories","Louis-Vuitton-x-Supreme-Apollo-Backpack-Monogram-Camo","Louis Vuitton x Supreme Apollo Backpack Monogram Camo"
"images/accessories/Mannahatta-NYC-Spider-Wing-Gem-Studded-Belt-Black-Turqouise-2.jpg","images","false","false","Mannahatta NYC","true","accessories","Mannahatta-NYC-Spider-Wing-Gem-Studded-Belt-Black-Turqouise","Mannahatta NYC Spider Wing Gem Studded Belt Black Turqouise"
"images/accessories/Mannahatta-NYC-Spider-Wing-Gem-Studded-Belt-Black-Turqouise.jpg","images","false","false","Mannahatta NYC","true","accessories","Mannahatta-NYC-Spider-Wing-Gem-Studded-Belt-Black-Turqouise","Mannahatta NYC Spider Wing Gem Studded Belt Black Turqouise"
"images/accessories/Mannahatta-NYC-Spider-Wing-Gem-Studded-Belt-White-Leopard-2.jpg","images","false","false","Mannahatta NYC","true","accessories","Mannahatta-NYC-Spider-Wing-Gem-Studded-Belt-White-Leopard","Mannahatta NYC Spider Wing Gem Studded Belt White Leopard"
"images/accessories/Mannahatta-NYC-Spider-Wing-Gem-Studded-Belt-White-Leopard.jpg","images","false","false","Mannahatta NYC","true","accessories","Mannahatta-NYC-Spider-Wing-Gem-Studded-Belt-White-Leopard","Mannahatta NYC Spider Wing Gem Studded Belt White Leopard"
"images/accessories/Matty-Boy-Anti-Promo-Stay-Fast-Patch-Beanie-Blue.jpg","images","false","false","Matty Boy","true","accessories","Matty-Boy-Anti-Promo-Stay-Fast-Patch-Beanie-Blue","Matty Boy Anti Promo Stay Fast Patch Beanie Blue"
"images/accessories/Supreme-Bounty-Hunter-Skull-Kun-Figurine-White-1-.webp","images","false","false","Supreme","false","accessories","Supreme-Bounty-Hunter-Skull-Kun-Figurine-White","Supreme Bounty Hunter Skull Kun Figurine White"
"images/accessories/Supreme-Bounty-Hunter-Skull-Kun-Figurine-White-2-1-.webp","images","false","false","Supreme","false","accessories","Supreme-Bounty-Hunter-Skull-Kun-Figurine-White","Supreme Bounty Hunter Skull Kun Figurine White"
"images/accessories/Supreme-Bounty-Hunter-Skull-Kun-Figurine-White-2.webp","images","false","false","Supreme","false","accessories","Supreme-Bounty-Hunter-Skull-Kun-Figurine-White","Supreme Bounty Hunter Skull Kun Figurine White"
"images/accessories/Supreme-Bounty-Hunter-Skull-Kun-Figurine-White.webp","images","false","false","Supreme","false","accessories","Supreme-Bounty-Hunter-Skull-Kun-Figurine-White","Supreme Bounty Hunter Skull Kun Figurine White"
"images/accessories/Supreme-Hanes-Crew-Socks-Black.jpg","images","false","false","Supreme","false","accessories","Supreme-Hanes-Crew-Socks-Black","Supreme Hanes Crew Socks Black"
"images/accessories/Vertabrae-Camo-Snapback-Hat-1-.jpg","images","false","false","Vertabrae","true","accessories","Vertabrae-Camo-Snapback-Hat","Vertabrae Camo Snapback Hat"
"images/accessories/Vertabrae-Camo-Snapback-Hat.jpg","images","false","false","Vertabrae","true","accessories","Vertabrae-Camo-Snapback-Hat","Vertabrae Camo Snapback Hat"
"images/accessories/Vertabrae-Suede-Snapback-Hat-Blue-1-.jpg","images","false","false","Vertabrae","true","accessories","Vertabrae-Suede-Snapback-Hat-Blue","Vertabrae Suede Snapback Hat Blue"
"images/accessories/Vertabrae-Suede-Snapback-Hat-Blue.jpg","images","false","false","Vertabrae","true","accessories","Vertabrae-Suede-Snapback-Hat-Blue","Vertabrae Suede Snapback Hat Blue"
"images/accessories/ak3ne9ekgw26zvzu7xze-08b1136e-7b9c-4ddb-b81f-35ee16542fdf.jpg","images","true","false","","false","accessories","",""
"images/accessories/aupvbpybcfxj15ypq7jw.webp","images","true","false","","false","accessories","",""
"images/accessories/bbpj6tgmbf3tka2cu72b-1-.webp","images","true","false","","false","accessories","",""
"images/accessories/bbpj6tgmbf3tka2cu72b.webp","images","true","false","","false","accessories","",""
"images/accessories/bbyat2ec8ktwzjz8o91l.webp","images","true","false","","false","accessories","",""
"images/accessories/bhbtsq1n7ypd5cuwk5nc-fc138751-51bc-4380-9241-a3ca70f77063-1-.jpg","images","true","false","","false","accessories","",""
"images/accessories/bhbtsq1n7ypd5cuwk5nc-fc138751-51bc-4380-9241-a3ca70f77063.jpg","images","true","false","","false","accessories","",""
"images/accessories/cocu7a2vpjkapv7q9tio.jpg","images","true","false","","false","accessories","",""
"images/accessories/dizv3skzw6fmdp5fzvu5-1-.webp","images","true","false","","false","accessories","",""
"images/accessories/dizv3skzw6fmdp5fzvu5.webp","images","true","false","","false","accessories","",""
"images/accessories/ecnxwfuxvfr5smrdxtwu-da2be0e6-4256-4d29-a676-d3e87b86f743.jpg","images","true","false","","false","accessories","",""
"images/accessories/f1v1ipjzcal3askn8boi-83834a0e-df76-43d5-bece-1586f1d68f6b.jpg","images","true","false","","false","accessories","",""
"images/accessories/fdhr523txz5bt6es6y7q.jpg","images","true","false","","false","accessories","",""
"images/accessories/fhoietlmnwejzqiandlz.webp","images","true","false","","false","accessories","",""
"images/accessories/fmb96yrv4bge1mf0ojb8-50bf272a-6bef-4d8a-a0ff-911cf911c211.jpg","images","true","false","","false","accessories","",""
"images/accessories/fyduz0lqh5msmwzfhpsk-1-.jpg","images","true","false","","false","accessories","",""
"images/accessories/fyduz0lqh5msmwzfhpsk.jpg","images","true","false","","false","accessories","",""
"images/accessories/g7rzagoocpawoo7farm0.jpg","images","true","false","","false","accessories","",""
"images/accessories/g8pv8wgtdyfpebclvhm0.webp","images","true","false","","false","accessories","",""
"images/accessories/gsgmmqamsggwubh3gxke.jpg","images","true","false","","false","accessories","",""
"images/accessories/guyl8xdxgtdo7wwyd3eg-5489c3a4-480d-4cf6-b67f-f12f4469c8e6.jpg","images","true","false","","false","accessories","",""
"images/accessories/huctnkqkzjt241sz5tby-dc4cef92-cbed-4490-84aa-1b7ba25d0f1a.jpg","images","true","false","","false","accessories","",""
"images/accessories/i9ce1ouei0gr6m1s4jzm.png","images","true","false","","false","accessories","",""
"images/accessories/ipcj809cy3cd0i3w3pk1-1-.jpg","images","true","false","","false","accessories","",""
"images/accessories/ipcj809cy3cd0i3w3pk1.jpg","images","true","false","","false","accessories","",""
"images/accessories/jpwljfhzxsgtazrhxmot.webp","images","true","false","","false","accessories","",""
"images/accessories/jrw3lxdu2lzbchgje18z-a0b10d1c-94c7-45f2-b13f-1659c148b8d4-1-.webp","images","true","false","","false","accessories","",""
"images/accessories/jrw3lxdu2lzbchgje18z-a0b10d1c-94c7-45f2-b13f-1659c148b8d4.webp","images","true","false","","false","accessories","",""
"images/accessories/juma6pyz3jw9lh9urlel.png","images","true","false","","false","accessories","",""
"images/accessories/kpa5wib3zsywf8dohxvg.webp","images","true","false","","false","accessories","",""
"images/accessories/lxtu30dhtr4thsrnvihw-1-.jpg","images","true","false","","false","accessories","",""
"images/accessories/lxtu30dhtr4thsrnvihw.jpg","images","true","false","","false","accessories","",""
"images/accessories/m73tzb1ckxeuwn9lj6em-8f5346fb-3f26-43e8-99e1-9fbaf2a91ed3.webp","images","true","false","","false","accessories","",""
"images/accessories/maxead5a86so9lrsufhq-1-.jpg","images","true","false","","false","accessories","",""
"images/accessories/maxead5a86so9lrsufhq.jpg","images","true","false","","false","accessories","",""
"images/accessories/merokyj3s29hvvc4npfl.webp","images","true","false","","false","accessories","",""
"images/accessories/mlpjfao38efjh6iybv4y.jpg","images","true","false","","false","accessories","",""
"images/accessories/mv4n44kmpboxsmao7blf-1-.webp","images","true","false","","false","accessories","",""
"images/accessories/mv4n44kmpboxsmao7blf.webp","images","true","false","","false","accessories","",""
"images/accessories/o9s50afzba7qezgmz3pk-1-.png","images","true","false","","false","accessories","",""
"images/accessories/o9s50afzba7qezgmz3pk.png","images","true","false","","false","accessories","",""
"images/accessories/oaqx4u1ejwsa8wygwig3.jpg","images","true","false","","false","accessories","",""
"images/accessories/odbv7g5fvjdzao30gnni-1-.jpg","images","true","false","","false","accessories","",""
"images/accessories/odbv7g5fvjdzao30gnni.jpg","images","true","false","","false","accessories","",""
"images/accessories/ohf5joilkrjjh4rix38l-55263694-3f19-4698-bf1b-d5e625fece2d.webp","images","true","false","","false","accessories","",""
"images/accessories/phyhoz5asddcgayynxcm-1-.jpg","images","true","false","","false","accessories","",""
"images/accessories/phyhoz5asddcgayynxcm.jpg","images","true","false","","false","accessories","",""
"images/accessories/pm2soel1zx27qlh8wrsv.webp","images","true","false","","false","accessories","",""
"images/accessories/poludcuw2ckitlhb3d8x-d80635dd-bc80-4b8a-bf63-534007ca2d44.jpg","images","true","false","","false","accessories","",""
"images/accessories/pu6dr7xqnhsgadzpxqrw-1-.jpg","images","true","false","","false","accessories","",""
"images/accessories/pu6dr7xqnhsgadzpxqrw.jpg","images","true","false","","false","accessories","",""
"images/accessories/r70nlxdxthkq3vid95xe.jpg","images","true","false","","false","accessories","",""
"images/accessories/rdnu1pphwrxsxr0kq4za.webp","images","true","false","","false","accessories","",""
"images/accessories/rjlcrl4ycibqw4ysxgcb.jpg","images","true","false","","false","accessories","",""
"images/accessories/rw8uvitg73apf6ynahqz.webp","images","true","false","","false","accessories","",""
"images/accessories/sjbv2nqh1m27wdgnnwvo.webp","images","true","false","","false","accessories","",""
"images/accessories/ss2iq4fcc3onmdyox5ef.webp","images","true","false","","false","accessories","",""
"images/accessories/ssyu9jh9e07bynrfmjwp-284b1c44-15a7-43c9-9455-a3d8db18e07c-1-.jpg","images","true","false","","false","accessories","",""
"images/accessories/ssyu9jh9e07bynrfmjwp-284b1c44-15a7-43c9-9455-a3d8db18e07c.jpg","images","true","false","","false","accessories","",""
"images/accessories/tsj2gxyuez1odiognpz0-0b581a75-6376-45b0-95d7-540329750515.webp","images","true","false","","false","accessories","",""
"images/accessories/ulvuffwhgckmddevyflp-457efe27-5b65-4239-b6b5-6466a7a17648-1-.jpg","images","true","false","","false","accessories","",""
"images/accessories/ulvuffwhgckmddevyflp-457efe27-5b65-4239-b6b5-6466a7a17648.jpg","images","true","false","","false","accessories","",""
"images/accessories/v0z14nzxmyf1vqwxw2pw-0aefea34-0342-4c3e-83f3-9924ea92cb2e.webp","images","true","false","","false","accessories","",""
"images/accessories/v76opq8effgcxa3td3fn-b138d38f-bd63-401f-85b4-88aacffc59e1.jpg","images","true","false","","false","accessories","",""
"images/accessories/vemnai56vrenutfw1ng1-1-.png","images","true","false","","false","accessories","",""
"images/accessories/vemnai56vrenutfw1ng1.png","images","true","false","","false","accessories","",""
"images/accessories/vsxvivzcrj5alkpinhci-9d75f83f-7ee6-41b6-9632-1e793d590fea.jpg","images","true","false","","false","accessories","",""
"images/accessories/w9lfpvadq4bdw9bdsc4q-5d343138-c4ae-4a6d-848a-815f79f2105c.webp","images","true","false","","false","accessories","",""
"images/accessories/wepmvdlwk1ninuwtdjjf.webp","images","true","false","","false","accessories","",""
"images/accessories/wj07qfucitifzlnl4dgg.webp","images","true","false","","false","accessories","",""
"images/accessories/wm0ubylqfiirhssmkdoj.png","images","true","false","","false","accessories","",""
"images/accessories/wmbsgpfczluueqvswx8r.png","images","true","false","","false","accessories","",""
"images/accessories/wvoxg16svx4tm9lirv3t-1-.png","images","true","false","","false","accessories","",""
"images/accessories/wvoxg16svx4tm9lirv3t.png","images","true","false","","false","accessories","",""
"images/accessories/xbldnq2dlhcjayrxkq7q-1-.png","images","true","false","","false","accessories","",""
"images/accessories/xbldnq2dlhcjayrxkq7q.png","images","true","false","","false","accessories","",""
"images/accessories/xqihpxoxoi1nukcxjvpn-59aa6f76-e958-4443-b027-3f5c62a61b93.jpg","images","true","false","","false","accessories","",""
"images/accessories/xvnowrgatjrwobjxg0am-1-.jpg","images","true","false","","false","accessories","",""
"images/accessories/xvnowrgatjrwobjxg0am.jpg","images","true","false","","false","accessories","",""
"images/accessories/xy5qa92hhpu1dik84vch.jpg","images","true","false","","false","accessories","",""
"images/accessories/xyxfommafnds3oghere7.webp","images","true","false","","false","accessories","",""
"images/accessories/y2vztbtnqwuic4usdk0v-65433b4e-2a47-4cf3-86c8-4f059167bdf5.jpg","images","true","false","","false","accessories","",""
"images/accessories/ytsauq9bm81sg6atacch.webp","images","true","false","","false","accessories","",""
"images/accessories/za4yxeew4ffgny29vzqf-2cf1a384-ca33-450d-9931-ed80b30697f8.webp","images","true","false","","false","accessories","",""
"images/accessories/zd0eazpyat9vap9z3zg2-e4129cf6-f44d-4a08-90ac-48162df7cbd0.jpg","images","true","false","","false","accessories","",""
"images/accessories/zo0bdm6nlwqokd9nnk98.jpg","images","true","false","","false","accessories","",""
"images/apparel/77-Studios-Brazil-34-Shorts.webp","images","false","false","77 Studios","true","apparel","77-Studios-Brazil-34-Shorts","77 Studios Brazil 34 Shorts"
"images/apparel/Acne-Studios-Printed-Wide-leg-Jeans-Mid-Blu-1-.jpg","images","false","false","Acne Studios","true","apparel","Acne-Studios-Printed-Wide-leg-Jeans-Mid-Blu","Acne Studios Printed Wide leg Jeans Mid Blu"
"images/apparel/Acne-Studios-Printed-Wide-leg-Jeans-Mid-Blu.jpg","images","false","false","Acne Studios","true","apparel","Acne-Studios-Printed-Wide-leg-Jeans-Mid-Blu","Acne Studios Printed Wide leg Jeans Mid Blu"
"images/apparel/Bottega-Desires-Leather-Shorts-Brown-1-.jpg","images","false","false","Bottega Desires","true","apparel","Bottega-Desires-Leather-Shorts-Brown","Bottega Desires Leather Shorts Brown"
"images/apparel/Bottega-Desires-Leather-Shorts-Brown-2-1-.jpg","images","false","false","Bottega Desires","true","apparel","Bottega-Desires-Leather-Shorts-Brown","Bottega Desires Leather Shorts Brown"
"images/apparel/Bottega-Desires-Leather-Shorts-Brown-2.jpg","images","false","false","Bottega Desires","true","apparel","Bottega-Desires-Leather-Shorts-Brown","Bottega Desires Leather Shorts Brown"
"images/apparel/Bottega-Desires-Leather-Shorts-Brown.jpg","images","false","false","Bottega Desires","true","apparel","Bottega-Desires-Leather-Shorts-Brown","Bottega Desires Leather Shorts Brown"
"images/apparel/Chrome-Hearts-Foti-Long-Sleeve-Shirt-White-1-.jpg","images","false","false","Chrome Hearts","true","apparel","Chrome-Hearts-Foti-Long-Sleeve-Shirt-White","Chrome Hearts Foti Long Sleeve Shirt White"
"images/apparel/Chrome-Hearts-Foti-Long-Sleeve-Shirt-White-2-1-.jpg","images","false","false","Chrome Hearts","true","apparel","Chrome-Hearts-Foti-Long-Sleeve-Shirt-White","Chrome Hearts Foti Long Sleeve Shirt White"
"images/apparel/Chrome-Hearts-Foti-Long-Sleeve-Shirt-White-2.jpg","images","false","false","Chrome Hearts","true","apparel","Chrome-Hearts-Foti-Long-Sleeve-Shirt-White","Chrome Hearts Foti Long Sleeve Shirt White"
"images/apparel/Chrome-Hearts-Foti-Long-Sleeve-Shirt-White.jpg","images","false","false","Chrome Hearts","true","apparel","Chrome-Hearts-Foti-Long-Sleeve-Shirt-White","Chrome Hearts Foti Long Sleeve Shirt White"
"images/apparel/Chrome-Hearts-Horse-Shoe-LS-T-shirt-Black-Like-New-1-.jpg","images","false","false","Chrome Hearts","true","apparel","Chrome-Hearts-Horse-Shoe-LS-T-shirt-Black-Like-New","Chrome Hearts Horse Shoe LS T shirt Black Like New"
"images/apparel/Chrome-Hearts-Horse-Shoe-LS-T-shirt-Black-Like-New-2-1-.jpg","images","false","false","Chrome Hearts","true","apparel","Chrome-Hearts-Horse-Shoe-LS-T-shirt-Black-Like-New","Chrome Hearts Horse Shoe LS T shirt Black Like New"
"images/apparel/Chrome-Hearts-Horse-Shoe-LS-T-shirt-Black-Like-New-2.jpg","images","false","false","Chrome Hearts","true","apparel","Chrome-Hearts-Horse-Shoe-LS-T-shirt-Black-Like-New","Chrome Hearts Horse Shoe LS T shirt Black Like New"
"images/apparel/Chrome-Hearts-Horse-Shoe-LS-T-shirt-Black-Like-New.jpg","images","false","false","Chrome Hearts","true","apparel","Chrome-Hearts-Horse-Shoe-LS-T-shirt-Black-Like-New","Chrome Hearts Horse Shoe LS T shirt Black Like New"
"images/apparel/Chrome-Hearts-Malibu-Exclusive-Horseshoe-Hoodie-Black-1-.jpg","images","false","false","Chrome Hearts","true","apparel","Chrome-Hearts-Malibu-Exclusive-Horseshoe-Hoodie-Black","Chrome Hearts Malibu Exclusive Horseshoe Hoodie Black"
"images/apparel/Chrome-Hearts-Malibu-Exclusive-Horseshoe-Hoodie-Black-2-1-.jpg","images","false","false","Chrome Hearts","true","apparel","Chrome-Hearts-Malibu-Exclusive-Horseshoe-Hoodie-Black","Chrome Hearts Malibu Exclusive Horseshoe Hoodie Black"
"images/apparel/Chrome-Hearts-Malibu-Exclusive-Horseshoe-Hoodie-Black-2.jpg","images","false","false","Chrome Hearts","true","apparel","Chrome-Hearts-Malibu-Exclusive-Horseshoe-Hoodie-Black","Chrome Hearts Malibu Exclusive Horseshoe Hoodie Black"
"images/apparel/Chrome-Hearts-Malibu-Exclusive-Horseshoe-Hoodie-Black.jpg","images","false","false","Chrome Hearts","true","apparel","Chrome-Hearts-Malibu-Exclusive-Horseshoe-Hoodie-Black","Chrome Hearts Malibu Exclusive Horseshoe Hoodie Black"
"images/apparel/Chrome-Hearts-Matty-Boy-Aspen-Floral-LS-T-shirt-Black-1-.jpg","images","false","false","Chrome Hearts","true","apparel","Chrome-Hearts-Matty-Boy-Aspen-Floral-LS-T-shirt-Black","Chrome Hearts Matty Boy Aspen Floral LS T shirt Black"
"images/apparel/Chrome-Hearts-Matty-Boy-Aspen-Floral-LS-T-shirt-Black-2-1-.jpg","images","false","false","Chrome Hearts","true","apparel","Chrome-Hearts-Matty-Boy-Aspen-Floral-LS-T-shirt-Black","Chrome Hearts Matty Boy Aspen Floral LS T shirt Black"
"images/apparel/Chrome-Hearts-Matty-Boy-Aspen-Floral-LS-T-shirt-Black-2.jpg","images","false","false","Chrome Hearts","true","apparel","Chrome-Hearts-Matty-Boy-Aspen-Floral-LS-T-shirt-Black","Chrome Hearts Matty Boy Aspen Floral LS T shirt Black"
"images/apparel/Chrome-Hearts-Matty-Boy-Aspen-Floral-LS-T-shirt-Black.jpg","images","false","false","Chrome Hearts","true","apparel","Chrome-Hearts-Matty-Boy-Aspen-Floral-LS-T-shirt-Black","Chrome Hearts Matty Boy Aspen Floral LS T shirt Black"
"images/apparel/Chrome-Hearts-Miami-Exclusive-Dagger-Sweatpants-Blue-2.jpg","images","false","false","Chrome Hearts","true","apparel","Chrome-Hearts-Miami-Exclusive-Dagger-Sweatpants-Blue","Chrome Hearts Miami Exclusive Dagger Sweatpants Blue"
"images/apparel/Chrome-Hearts-Miami-Exclusive-Dagger-Sweatpants-Blue.jpg","images","false","false","Chrome Hearts","true","apparel","Chrome-Hearts-Miami-Exclusive-Dagger-Sweatpants-Blue","Chrome Hearts Miami Exclusive Dagger Sweatpants Blue"
"images/apparel/Chrome-Hearts-Multi-Color-Cross-Cemetery-T-shirt-Black-2-b30103c2-1-.jpg","images","false","false","Chrome Hearts","true","apparel","Chrome-Hearts-Multi-Color-Cross-Cemetery-T-shirt-Black","Chrome Hearts Multi Color Cross Cemetery T shirt Black"
"images/apparel/Chrome-Hearts-Multi-Color-Cross-Cemetery-T-shirt-Black-2-b30103c2.jpg","images","false","false","Chrome Hearts","true","apparel","Chrome-Hearts-Multi-Color-Cross-Cemetery-T-shirt-Black","Chrome Hearts Multi Color Cross Cemetery T shirt Black"
"images/apparel/Chrome-Hearts-Multi-Color-Cross-Cemetery-T-shirt-Black-c26d18bc-1-.jpg","images","false","false","Chrome Hearts","true","apparel","Chrome-Hearts-Multi-Color-Cross-Cemetery-T-shirt-Black","Chrome Hearts Multi Color Cross Cemetery T shirt Black"
"images/apparel/Chrome-Hearts-Multi-Color-Cross-Cemetery-T-shirt-Black-c26d18bc.jpg","images","false","false","Chrome Hearts","true","apparel","Chrome-Hearts-Multi-Color-Cross-Cemetery-T-shirt-Black","Chrome Hearts Multi Color Cross Cemetery T shirt Black"
"images/apparel/Chrome-Hearts-Womens-Vintage-Horseshoe-Longsleeve-T-Shirt-Black.jpg","images","false","false","Chrome Hearts","true","apparel","Chrome-Hearts-Womens-Vintage-Horseshoe-Longsleeve-T-Shirt-Black","Chrome Hearts Womens Vintage Horseshoe Longsleeve T Shirt Black"
"images/apparel/Enfants-Riches-Deprimes-School-Days-Long-Sleeve-T-Shirt-Faded-BlackWhite-2.jpg","images","false","false","Enfants Riches Deprimes","true","apparel","Enfants-Riches-Deprimes-School-Days-Long-Sleeve-T-Shirt-Faded-BlackWhite","Enfants Riches Deprimes School Days Long Sleeve T Shirt Faded BlackWhite"
"images/apparel/Enfants-Riches-Deprimes-School-Days-Long-Sleeve-T-Shirt-Faded-BlackWhite.jpg","images","false","false","Enfants Riches Deprimes","true","apparel","Enfants-Riches-Deprimes-School-Days-Long-Sleeve-T-Shirt-Faded-BlackWhite","Enfants Riches Deprimes School Days Long Sleeve T Shirt Faded BlackWhite"
"images/apparel/Eric-Emanuel-x-New-York-Knicks-Champ-Shorts-BlackGold-1-.jpg","images","false","false","Eric Emanuel","false","apparel","Eric-Emanuel-x-New-York-Knicks-Champ-Shorts-BlackGold","Eric Emanuel x New York Knicks Champ Shorts BlackGold"
"images/apparel/Eric-Emanuel-x-New-York-Knicks-Champ-Shorts-BlackGold-2-1-.jpg","images","false","false","Eric Emanuel","false","apparel","Eric-Emanuel-x-New-York-Knicks-Champ-Shorts-BlackGold","Eric Emanuel x New York Knicks Champ Shorts BlackGold"
"images/apparel/Eric-Emanuel-x-New-York-Knicks-Champ-Shorts-BlackGold-2.jpg","images","false","false","Eric Emanuel","false","apparel","Eric-Emanuel-x-New-York-Knicks-Champ-Shorts-BlackGold","Eric Emanuel x New York Knicks Champ Shorts BlackGold"
"images/apparel/Eric-Emanuel-x-New-York-Knicks-Champ-Shorts-BlackGold.jpg","images","false","false","Eric Emanuel","false","apparel","Eric-Emanuel-x-New-York-Knicks-Champ-Shorts-BlackGold","Eric Emanuel x New York Knicks Champ Shorts BlackGold"
"images/apparel/Eric-Emanuel-x-New-York-Knicks-Champ-Shorts-BlueGold-1-.webp","images","false","false","Eric Emanuel","false","apparel","Eric-Emanuel-x-New-York-Knicks-Champ-Shorts-BlueGold","Eric Emanuel x New York Knicks Champ Shorts BlueGold"
"images/apparel/Eric-Emanuel-x-New-York-Knicks-Champ-Shorts-BlueGold.webp","images","false","false","Eric Emanuel","false","apparel","Eric-Emanuel-x-New-York-Knicks-Champ-Shorts-BlueGold","Eric Emanuel x New York Knicks Champ Shorts BlueGold"
"images/apparel/Eric-Emanuel-x-New-York-Knicks-Champ-Shorts-OrangeGold-1-.webp","images","false","false","Eric Emanuel","false","apparel","Eric-Emanuel-x-New-York-Knicks-Champ-Shorts-OrangeGold","Eric Emanuel x New York Knicks Champ Shorts OrangeGold"
"images/apparel/Eric-Emanuel-x-New-York-Knicks-Champ-Shorts-OrangeGold.webp","images","false","false","Eric Emanuel","false","apparel","Eric-Emanuel-x-New-York-Knicks-Champ-Shorts-OrangeGold","Eric Emanuel x New York Knicks Champ Shorts OrangeGold"
"images/apparel/Eric-Emanuel-x-New-York-Knicks-Champ-Shorts-WhiteGold-1-.webp","images","false","false","Eric Emanuel","false","apparel","Eric-Emanuel-x-New-York-Knicks-Champ-Shorts-WhiteGold","Eric Emanuel x New York Knicks Champ Shorts WhiteGold"
"images/apparel/Eric-Emanuel-x-New-York-Knicks-Champ-Shorts-WhiteGold.webp","images","false","false","Eric Emanuel","false","apparel","Eric-Emanuel-x-New-York-Knicks-Champ-Shorts-WhiteGold","Eric Emanuel x New York Knicks Champ Shorts WhiteGold"
"images/apparel/Happy-Memories-Dont-Die-HMDD-Moteaux-Jersey-Black-1-.webp","images","false","false","Happy Memories Dont Die","true","apparel","Happy-Memories-Dont-Die-HMDD-Moteaux-Jersey-Black","Happy Memories Dont Die HMDD Moteaux Jersey Black"
"images/apparel/Happy-Memories-Dont-Die-HMDD-Moteaux-Jersey-Black-2-1-.webp","images","false","false","Happy Memories Dont Die","true","apparel","Happy-Memories-Dont-Die-HMDD-Moteaux-Jersey-Black","Happy Memories Dont Die HMDD Moteaux Jersey Black"
"images/apparel/Happy-Memories-Dont-Die-HMDD-Moteaux-Jersey-Black-2.webp","images","false","false","Happy Memories Dont Die","true","apparel","Happy-Memories-Dont-Die-HMDD-Moteaux-Jersey-Black","Happy Memories Dont Die HMDD Moteaux Jersey Black"
"images/apparel/Happy-Memories-Dont-Die-HMDD-Moteaux-Jersey-Black.webp","images","false","false","Happy Memories Dont Die","true","apparel","Happy-Memories-Dont-Die-HMDD-Moteaux-Jersey-Black","Happy Memories Dont Die HMDD Moteaux Jersey Black"
"images/apparel/Happy-Memories-Dont-Die-HMDD-Moteaux-Jersey-White-1-.webp","images","false","false","Happy Memories Dont Die","true","apparel","Happy-Memories-Dont-Die-HMDD-Moteaux-Jersey-White","Happy Memories Dont Die HMDD Moteaux Jersey White"
"images/apparel/Happy-Memories-Dont-Die-HMDD-Moteaux-Jersey-White-2-1-.webp","images","false","false","Happy Memories Dont Die","true","apparel","Happy-Memories-Dont-Die-HMDD-Moteaux-Jersey-White","Happy Memories Dont Die HMDD Moteaux Jersey White"
"images/apparel/Happy-Memories-Dont-Die-HMDD-Moteaux-Jersey-White-2.webp","images","false","false","Happy Memories Dont Die","true","apparel","Happy-Memories-Dont-Die-HMDD-Moteaux-Jersey-White","Happy Memories Dont Die HMDD Moteaux Jersey White"
"images/apparel/Happy-Memories-Dont-Die-HMDD-Moteaux-Jersey-White.webp","images","false","false","Happy Memories Dont Die","true","apparel","Happy-Memories-Dont-Die-HMDD-Moteaux-Jersey-White","Happy Memories Dont Die HMDD Moteaux Jersey White"
"images/apparel/Rick-Owens-Black-Temple-Bela-Trousers-1-.webp","images","false","false","Rick Owens","true","apparel","Rick-Owens-Black-Temple-Bela-Trousers","Rick Owens Black Temple Bela Trousers"
"images/apparel/Rick-Owens-Black-Temple-Bela-Trousers.webp","images","false","false","Rick Owens","true","apparel","Rick-Owens-Black-Temple-Bela-Trousers","Rick Owens Black Temple Bela Trousers"
"images/apparel/Rick-Owens-DRKSHDW-Long-Boxers-Butt-Zip-Shorts-Black-Cotton-Canvas-1-.jpg","images","false","false","Rick Owens","true","apparel","Rick-Owens-DRKSHDW-Long-Boxers-Butt-Zip-Shorts-Black-Cotton-Canvas","Rick Owens DRKSHDW Long Boxers Butt Zip Shorts Black Cotton Canvas"
"images/apparel/Rick-Owens-DRKSHDW-Long-Boxers-Butt-Zip-Shorts-Black-Cotton-Canvas.jpg","images","false","false","Rick Owens","true","apparel","Rick-Owens-DRKSHDW-Long-Boxers-Butt-Zip-Shorts-Black-Cotton-Canvas","Rick Owens DRKSHDW Long Boxers Butt Zip Shorts Black Cotton Canvas"
"images/apparel/Saint-Michael-Alien-SS-Tee-Black-1-.webp","images","false","false","Saint Michael","true","apparel","Saint-Michael-Alien-SS-Tee-Black","Saint Michael Alien SS Tee Black"
"images/apparel/Saint-Michael-Alien-SS-Tee-Black.webp","images","false","false","Saint Michael","true","apparel","Saint-Michael-Alien-SS-Tee-Black","Saint Michael Alien SS Tee Black"
"images/apparel/Supreme-Bounty-Hunter-Skulls-Tee-White-2.webp","images","false","false","Supreme","false","apparel","Supreme-Bounty-Hunter-Skulls-Tee-White","Supreme Bounty Hunter Skulls Tee White"
"images/apparel/Supreme-Bounty-Hunter-Skulls-Tee-White.webp","images","false","false","Supreme","false","apparel","Supreme-Bounty-Hunter-Skulls-Tee-White","Supreme Bounty Hunter Skulls Tee White"
"images/apparel/Supreme-Hell-Tee-White-2.webp","images","false","false","Supreme","false","apparel","Supreme-Hell-Tee-White","Supreme Hell Tee White"
"images/apparel/Supreme-Hell-Tee-White.webp","images","false","false","Supreme","false","apparel","Supreme-Hell-Tee-White","Supreme Hell Tee White"
"images/apparel/Triple-Sevens-Kobe-Tee-1-.webp","images","false","false","Triple Sevens","true","apparel","Triple-Sevens-Kobe-Tee","Triple Sevens Kobe Tee"
"images/apparel/Triple-Sevens-Kobe-Tee-2-1-.webp","images","false","false","Triple Sevens","true","apparel","Triple-Sevens-Kobe-Tee","Triple Sevens Kobe Tee"
"images/apparel/Triple-Sevens-Kobe-Tee-2.webp","images","false","false","Triple Sevens","true","apparel","Triple-Sevens-Kobe-Tee","Triple Sevens Kobe Tee"
"images/apparel/Triple-Sevens-Kobe-Tee.webp","images","false","false","Triple Sevens","true","apparel","Triple-Sevens-Kobe-Tee","Triple Sevens Kobe Tee"
"images/apparel/Vertabrae-C-2-Distressed-Sweatpants-Washed-Pink-1-.jpg","images","false","false","Vertabrae","true","apparel","Vertabrae-C-2-Distressed-Sweatpants-Washed-Pink","Vertabrae C 2 Distressed Sweatpants Washed Pink"
"images/apparel/Vertabrae-C-2-Distressed-Sweatpants-Washed-Pink.jpg","images","false","false","Vertabrae","true","apparel","Vertabrae-C-2-Distressed-Sweatpants-Washed-Pink","Vertabrae C 2 Distressed Sweatpants Washed Pink"
"images/apparel/Vertabrae-Riot-Tee-1-.webp","images","false","false","Vertabrae","true","apparel","Vertabrae-Riot-Tee","Vertabrae Riot Tee"
"images/apparel/Vertabrae-Riot-Tee-2-1-.webp","images","false","false","Vertabrae","true","apparel","Vertabrae-Riot-Tee","Vertabrae Riot Tee"
"images/apparel/Vertabrae-Riot-Tee-2.webp","images","false","false","Vertabrae","true","apparel","Vertabrae-Riot-Tee","Vertabrae Riot Tee"
"images/apparel/Vertabrae-Riot-Tee.webp","images","false","false","Vertabrae","true","apparel","Vertabrae-Riot-Tee","Vertabrae Riot Tee"
"images/apparel/alzbxzrcuf1lagbe8woi-f2644393-2abd-4b6b-8800-3889905f8e12-1-.webp","images","true","false","","false","apparel","",""
"images/apparel/alzbxzrcuf1lagbe8woi-f2644393-2abd-4b6b-8800-3889905f8e12.webp","images","true","false","","false","apparel","",""
"images/apparel/asjdycvnazs2foh6ecfh-300a83b3-1b2c-4a67-8410-40afa65e1501-1-.png","images","true","false","","false","apparel","",""
"images/apparel/asjdycvnazs2foh6ecfh-300a83b3-1b2c-4a67-8410-40afa65e1501.png","images","true","false","","false","apparel","",""
"images/apparel/axflvxrt2z5ifsgkder4-673d507b-d864-48d4-8aa4-62597d3b2445-1-.webp","images","true","false","","false","apparel","",""
"images/apparel/axflvxrt2z5ifsgkder4-673d507b-d864-48d4-8aa4-62597d3b2445.webp","images","true","false","","false","apparel","",""
"images/apparel/bjzpaxvdyy4bxiypsykl.jpg","images","true","false","","false","apparel","",""
"images/apparel/bm6nk0somat1snn1e2rf.jpg","images","true","false","","false","apparel","",""
"images/apparel/cv8sm2q5lerlynxevh32-f1729e25-7af9-4f42-b977-7e12cdb0d912-1-.webp","images","true","false","","false","apparel","",""
"images/apparel/cv8sm2q5lerlynxevh32-f1729e25-7af9-4f42-b977-7e12cdb0d912.webp","images","true","false","","false","apparel","",""
"images/apparel/ebjcykziovpbgfyc6wib-1-.webp","images","true","false","","false","apparel","",""
"images/apparel/ebjcykziovpbgfyc6wib.webp","images","true","false","","false","apparel","",""
"images/apparel/eubfygzszcbhuagr7gqx-1-.webp","images","true","false","","false","apparel","",""
"images/apparel/eubfygzszcbhuagr7gqx.webp","images","true","false","","false","apparel","",""
"images/apparel/ezdvr3s6xqrnalqxpsax-1-.jpg","images","true","false","","false","apparel","",""
"images/apparel/ezdvr3s6xqrnalqxpsax.jpg","images","true","false","","false","apparel","",""
"images/apparel/f30pdfyx2xqb1ywrctfc-1-.jpg","images","true","false","","false","apparel","",""
"images/apparel/f30pdfyx2xqb1ywrctfc.jpg","images","true","false","","false","apparel","",""
"images/apparel/fbwvauoibwmqlg3b7mt5-2acb9ac1-c733-4cd0-9c5b-2e3fe8e1b991-1-.webp","images","true","false","","false","apparel","",""
"images/apparel/fbwvauoibwmqlg3b7mt5-2acb9ac1-c733-4cd0-9c5b-2e3fe8e1b991.webp","images","true","false","","false","apparel","",""
"images/apparel/fyn0tmqsr5nu0c4yhmgl-1-.jpg","images","true","false","","false","apparel","",""
"images/apparel/fyn0tmqsr5nu0c4yhmgl.jpg","images","true","false","","false","apparel","",""
"images/apparel/h61wlygazqsplqqgcw6t-1-.png","images","true","false","","false","apparel","",""
"images/apparel/h61wlygazqsplqqgcw6t.png","images","true","false","","false","apparel","",""
"images/apparel/jcdxrguhw1rssdvnh53r-1-.webp","images","true","false","","false","apparel","",""
"images/apparel/jcdxrguhw1rssdvnh53r.webp","images","true","false","","false","apparel","",""
"images/apparel/jmj7xucm3jepyrkgzsov-1-.webp","images","true","false","","false","apparel","",""
"images/apparel/jmj7xucm3jepyrkgzsov.webp","images","true","false","","false","apparel","",""
"images/apparel/jtm1kpkkjdualwpoldk8-910485fd-f2ec-4f84-965e-5d97a9e0a5d1-1-.webp","images","true","false","","false","apparel","",""
"images/apparel/jtm1kpkkjdualwpoldk8-910485fd-f2ec-4f84-965e-5d97a9e0a5d1.webp","images","true","false","","false","apparel","",""
"images/apparel/k1a08r1elp00johfkudb-69f8410c-6c68-4173-bb7f-d7dc692327fd-1-.webp","images","true","false","","false","apparel","",""
"images/apparel/k1a08r1elp00johfkudb-69f8410c-6c68-4173-bb7f-d7dc692327fd.webp","images","true","false","","false","apparel","",""
"images/apparel/l7lma74f2dubm8vdcxtx-1-.jpg","images","true","false","","false","apparel","",""
"images/apparel/l7lma74f2dubm8vdcxtx.jpg","images","true","false","","false","apparel","",""
"images/apparel/llj8twiuaqhgy6hv3cxq-1-.webp","images","true","false","","false","apparel","",""
"images/apparel/llj8twiuaqhgy6hv3cxq.webp","images","true","false","","false","apparel","",""
"images/apparel/ncs1eyzojiubstcgszeq-1-.webp","images","true","false","","false","apparel","",""
"images/apparel/ncs1eyzojiubstcgszeq.webp","images","true","false","","false","apparel","",""
"images/apparel/oafwkaju85ardlj4jeku-1-.webp","images","true","false","","false","apparel","",""
"images/apparel/oafwkaju85ardlj4jeku.webp","images","true","false","","false","apparel","",""
"images/apparel/oeoqjsbmxaajvtqhaumi-1-.webp","images","true","false","","false","apparel","",""
"images/apparel/oeoqjsbmxaajvtqhaumi.webp","images","true","false","","false","apparel","",""
"images/apparel/ovl46gw6aftmxhoxauah-a1329c40-517f-4e35-92e4-2729d84d200c-1-.webp","images","true","false","","false","apparel","",""
"images/apparel/ovl46gw6aftmxhoxauah-a1329c40-517f-4e35-92e4-2729d84d200c.webp","images","true","false","","false","apparel","",""
"images/apparel/ozoqr2qdlydzjtfzwqmq-1-.webp","images","true","false","","false","apparel","",""
"images/apparel/ozoqr2qdlydzjtfzwqmq.webp","images","true","false","","false","apparel","",""
"images/apparel/pzaiiizu6vvw7ycdwzni-1-.webp","images","true","false","","false","apparel","",""
"images/apparel/pzaiiizu6vvw7ycdwzni.webp","images","true","false","","false","apparel","",""
"images/apparel/qbwodb0qvyllys1khi5v-00f1b48b-7e8b-46ce-a34d-1d5a51f777a6-1-.webp","images","true","false","","false","apparel","",""
"images/apparel/qbwodb0qvyllys1khi5v-00f1b48b-7e8b-46ce-a34d-1d5a51f777a6.webp","images","true","false","","false","apparel","",""
"images/apparel/r8p3mhrzinhyjl8kzdtu.jpg","images","true","false","","false","apparel","",""
"images/apparel/st48ukmekvia4anbpwwa.jpg","images","true","false","","false","apparel","",""
"images/apparel/sxmmnrubxsa6quz1b94y-c77e95d2-e4c5-47d4-bb60-c71aeb6e2f65-1-.jpg","images","true","false","","false","apparel","",""
"images/apparel/sxmmnrubxsa6quz1b94y-c77e95d2-e4c5-47d4-bb60-c71aeb6e2f65.jpg","images","true","false","","false","apparel","",""
"images/apparel/toyyvtams7vueisrsful-1-.jpg","images","true","false","","false","apparel","",""
"images/apparel/toyyvtams7vueisrsful.jpg","images","true","false","","false","apparel","",""
"images/apparel/tx93lh3h6rffztpfbqkz-1-.png","images","true","false","","false","apparel","",""
"images/apparel/tx93lh3h6rffztpfbqkz.png","images","true","false","","false","apparel","",""
"images/apparel/txnk1lfy4b1yecjd8ej2-1-.webp","images","true","false","","false","apparel","",""
"images/apparel/txnk1lfy4b1yecjd8ej2.webp","images","true","false","","false","apparel","",""
"images/apparel/urcfr7q46vgsogrj7ym6-3c21f382-1083-407b-acef-a4fb84a600a8-1-.png","images","true","false","","false","apparel","",""
"images/apparel/urcfr7q46vgsogrj7ym6-3c21f382-1083-407b-acef-a4fb84a600a8.png","images","true","false","","false","apparel","",""
"images/apparel/vp7ss6ooxpxap9sy0qej-1daf8b9c-b6af-4a34-874f-603dac10afe1-1-.jpg","images","true","false","","false","apparel","",""
"images/apparel/vp7ss6ooxpxap9sy0qej-1daf8b9c-b6af-4a34-874f-603dac10afe1.jpg","images","true","false","","false","apparel","",""
"images/apparel/vscimfnsc4osk9oxygka-1-.webp","images","true","false","","false","apparel","",""
"images/apparel/vscimfnsc4osk9oxygka.webp","images","true","false","","false","apparel","",""
"images/apparel/w5xmahgh4iysjq10qr58-a2cefa39-cc24-4a10-b015-7013eb0a8cca-1-.jpg","images","true","false","","false","apparel","",""
"images/apparel/w5xmahgh4iysjq10qr58-a2cefa39-cc24-4a10-b015-7013eb0a8cca.jpg","images","true","false","","false","apparel","",""
"images/apparel/wlsbsa0f8jah1yalkkif-1-.webp","images","true","false","","false","apparel","",""
"images/apparel/wlsbsa0f8jah1yalkkif.webp","images","true","false","","false","apparel","",""
"images/apparel/y7hdijuj5ehwrdev3kmi-1-.jpg","images","true","false","","false","apparel","",""
"images/apparel/y7hdijuj5ehwrdev3kmi.jpg","images","true","false","","false","apparel","",""
"images/apparel/ycixknyryrz22qapfree-1-.webp","images","true","false","","false","apparel","",""
"images/apparel/ycixknyryrz22qapfree.webp","images","true","false","","false","apparel","",""
"images/apparel/yrpmf1sv38zymuax9mty-1-.webp","images","true","false","","false","apparel","",""
"images/apparel/yrpmf1sv38zymuax9mty.webp","images","true","false","","false","apparel","",""
"images/apparel/yur5xhnifrzcstfrwhfr-1-.webp","images","true","false","","false","apparel","",""
"images/apparel/yur5xhnifrzcstfrwhfr.webp","images","true","false","","false","apparel","",""
"images/sneakers/ASICS-Gel-1130-Black-Pure-Silver-1-.jpg","images","false","false","ASICS","false","sneakers","ASICS-Gel-1130-Black-Pure-Silver","ASICS Gel 1130 Black Pure Silver"
"images/sneakers/ASICS-Gel-1130-Black-Pure-Silver.jpg","images","false","false","ASICS","false","sneakers","ASICS-Gel-1130-Black-Pure-Silver","ASICS Gel 1130 Black Pure Silver"
"images/sneakers/ASICS-Gel-Kayano-14-Cream-Blush-Womens-1-.webp","images","false","false","ASICS","false","sneakers","ASICS-Gel-Kayano-14-Cream-Blush-Womens","ASICS Gel Kayano 14 Cream Blush Womens"
"images/sneakers/ASICS-Gel-Kayano-14-Cream-Blush-Womens.webp","images","false","false","ASICS","false","sneakers","ASICS-Gel-Kayano-14-Cream-Blush-Womens","ASICS Gel Kayano 14 Cream Blush Womens"
"images/sneakers/ASICS-Gel-Kayano-14-White-Fjord-Grey-1-.webp","images","false","false","ASICS","false","sneakers","ASICS-Gel-Kayano-14-White-Fjord-Grey","ASICS Gel Kayano 14 White Fjord Grey"
"images/sneakers/ASICS-Gel-Kayano-14-White-Fjord-Grey-2-1-.webp","images","false","false","ASICS","false","sneakers","ASICS-Gel-Kayano-14-White-Fjord-Grey","ASICS Gel Kayano 14 White Fjord Grey"
"images/sneakers/ASICS-Gel-Kayano-14-White-Fjord-Grey-2.webp","images","false","false","ASICS","false","sneakers","ASICS-Gel-Kayano-14-White-Fjord-Grey","ASICS Gel Kayano 14 White Fjord Grey"
"images/sneakers/ASICS-Gel-Kayano-14-White-Fjord-Grey.webp","images","false","false","ASICS","false","sneakers","ASICS-Gel-Kayano-14-White-Fjord-Grey","ASICS Gel Kayano 14 White Fjord Grey"
"images/sneakers/ASICS-Gel-Kayano-14-White-Ivory-9c0a699a-1-.jpg","images","false","false","ASICS","false","sneakers","ASICS-Gel-Kayano-14-White-Ivory","ASICS Gel Kayano 14 White Ivory"
"images/sneakers/ASICS-Gel-Kayano-14-White-Ivory-9c0a699a.jpg","images","false","false","ASICS","false","sneakers","ASICS-Gel-Kayano-14-White-Ivory","ASICS Gel Kayano 14 White Ivory"
"images/sneakers/ASICS-Gel-Kayano-14-White-Pure-Gold-b7c5566e-1-.jpg","images","false","false","ASICS","false","sneakers","ASICS-Gel-Kayano-14-White-Pure-Gold","ASICS Gel Kayano 14 White Pure Gold"
"images/sneakers/ASICS-Gel-Kayano-14-White-Pure-Gold-b7c5566e.jpg","images","false","false","ASICS","false","sneakers","ASICS-Gel-Kayano-14-White-Pure-Gold","ASICS Gel Kayano 14 White Pure Gold"
"images/sneakers/Bravest-Studios-Kross-Kountry-Runner-Camo-1-.jpg","images","false","false","Bravest Studios","false","sneakers","Bravest-Studios-Kross-Kountry-Runner-Camo","Bravest Studios Kross Kountry Runner Camo"
"images/sneakers/Bravest-Studios-Kross-Kountry-Runner-Camo.jpg","images","false","false","Bravest Studios","false","sneakers","Bravest-Studios-Kross-Kountry-Runner-Camo","Bravest Studios Kross Kountry Runner Camo"
"images/sneakers/Chrome-Hearts-Mesh-Varsity-Shorts-Black-Like-New.jpg","images","false","false","Chrome Hearts","true","sneakers","Chrome-Hearts-Mesh-Varsity-Shorts-Black-Like-New","Chrome Hearts Mesh Varsity Shorts Black Like New"
"images/sneakers/Jordan-1-Mid-Shadow-Red-GS.jpg","images","false","false","Jordan","false","sneakers","Jordan-1-Mid-Shadow-Red-GS","Jordan 1 Mid Shadow Red GS"
"images/sneakers/Jordan-12-Retro-Flu-Game-2025-1-.webp","images","false","false","Jordan","false","sneakers","Jordan-12-Retro-Flu-Game-2025","Jordan 12 Retro Flu Game 2025"
"images/sneakers/Jordan-12-Retro-Flu-Game-2025-2-1-.webp","images","false","false","Jordan","false","sneakers","Jordan-12-Retro-Flu-Game-2025","Jordan 12 Retro Flu Game 2025"
"images/sneakers/Jordan-12-Retro-Flu-Game-2025-2.webp","images","false","false","Jordan","false","sneakers","Jordan-12-Retro-Flu-Game-2025","Jordan 12 Retro Flu Game 2025"
"images/sneakers/Jordan-12-Retro-Flu-Game-2025.webp","images","false","false","Jordan","false","sneakers","Jordan-12-Retro-Flu-Game-2025","Jordan 12 Retro Flu Game 2025"
"images/sneakers/Jordan-4-Retro-PSG-Paris-Saint-Germain-GS.jpg","images","false","false","Jordan","false","sneakers","Jordan-4-Retro-PSG-Paris-Saint-Germain-GS","Jordan 4 Retro PSG Paris Saint Germain GS"
"images/sneakers/Jordan-4-Retro-Taupe-Haze-GS.jpg","images","false","false","Jordan","false","sneakers","Jordan-4-Retro-Taupe-Haze-GS","Jordan 4 Retro Taupe Haze GS"
"images/sneakers/Jordan-4-Retro-Vivid-Sulfur-1-.webp","images","false","false","Jordan","false","sneakers","Jordan-4-Retro-Vivid-Sulfur","Jordan 4 Retro Vivid Sulfur"
"images/sneakers/Jordan-4-Retro-Vivid-Sulfur.webp","images","false","false","Jordan","false","sneakers","Jordan-4-Retro-Vivid-Sulfur","Jordan 4 Retro Vivid Sulfur"
"images/sneakers/Jordan-5-Retro-OG-Black-Metallic-Reimagined-1-.jpg","images","false","false","Jordan","false","sneakers","Jordan-5-Retro-OG-Black-Metallic-Reimagined","Jordan 5 Retro OG Black Metallic Reimagined"
"images/sneakers/Jordan-5-Retro-OG-Black-Metallic-Reimagined.jpg","images","false","false","Jordan","false","sneakers","Jordan-5-Retro-OG-Black-Metallic-Reimagined","Jordan 5 Retro OG Black Metallic Reimagined"
"images/sneakers/Maison-Margiela-Replica-Black-1-.webp","images","false","false","Maison Margiela","true","sneakers","Maison-Margiela-Replica-Black","Maison Margiela Replica Black"
"images/sneakers/Maison-Margiela-Replica-Black-2-1-.webp","images","false","false","Maison Margiela","true","sneakers","Maison-Margiela-Replica-Black","Maison Margiela Replica Black"
"images/sneakers/Maison-Margiela-Replica-Black-2.webp","images","false","false","Maison Margiela","true","sneakers","Maison-Margiela-Replica-Black","Maison Margiela Replica Black"
"images/sneakers/Maison-Margiela-Replica-Black.webp","images","false","false","Maison Margiela","true","sneakers","Maison-Margiela-Replica-Black","Maison Margiela Replica Black"
"images/sneakers/Maison-Margiela-Replica-Brown-Honey-1-.webp","images","false","false","Maison Margiela","true","sneakers","Maison-Margiela-Replica-Brown-Honey","Maison Margiela Replica Brown Honey"
"images/sneakers/Maison-Margiela-Replica-Brown-Honey.webp","images","false","false","Maison Margiela","true","sneakers","Maison-Margiela-Replica-Brown-Honey","Maison Margiela Replica Brown Honey"
"images/sneakers/Maison-Mihara-Yasuhiro-Hank-OG-Sole-Canvas-Low-White-1-.jpg","images","false","false","Maison MIHARA YASUHIRO","false","sneakers","Maison-Mihara-Yasuhiro-Hank-OG-Sole-Canvas-Low-White","Maison Mihara Yasuhiro Hank OG Sole Canvas Low White"
"images/sneakers/Maison-Mihara-Yasuhiro-Hank-OG-Sole-Canvas-Low-White.jpg","images","false","false","Maison MIHARA YASUHIRO","false","sneakers","Maison-Mihara-Yasuhiro-Hank-OG-Sole-Canvas-Low-White","Maison Mihara Yasuhiro Hank OG Sole Canvas Low White"
"images/sneakers/Maison-Mihara-Yasuhiro-Peterson-OG-Sole-Canvas-Low-Black-1-.webp","images","false","false","Maison MIHARA YASUHIRO","false","sneakers","Maison-Mihara-Yasuhiro-Peterson-OG-Sole-Canvas-Low-Black","Maison Mihara Yasuhiro Peterson OG Sole Canvas Low Black"
"images/sneakers/Maison-Mihara-Yasuhiro-Peterson-OG-Sole-Canvas-Low-Black-2-1-.webp","images","false","false","Maison MIHARA YASUHIRO","false","sneakers","Maison-Mihara-Yasuhiro-Peterson-OG-Sole-Canvas-Low-Black","Maison Mihara Yasuhiro Peterson OG Sole Canvas Low Black"
"images/sneakers/Maison-Mihara-Yasuhiro-Peterson-OG-Sole-Canvas-Low-Black-2.webp","images","false","false","Maison MIHARA YASUHIRO","false","sneakers","Maison-Mihara-Yasuhiro-Peterson-OG-Sole-Canvas-Low-Black","Maison Mihara Yasuhiro Peterson OG Sole Canvas Low Black"
"images/sneakers/Maison-Mihara-Yasuhiro-Peterson-OG-Sole-Canvas-Low-Black.webp","images","false","false","Maison MIHARA YASUHIRO","false","sneakers","Maison-Mihara-Yasuhiro-Peterson-OG-Sole-Canvas-Low-Black","Maison Mihara Yasuhiro Peterson OG Sole Canvas Low Black"
"images/sneakers/Marni-Long-Hair-Calfskin-Fussbett-Sabot-Mule-Lilac.jpg","images","false","false","Marni","true","sneakers","Marni-Long-Hair-Calfskin-Fussbett-Sabot-Mule-Lilac","Marni Long Hair Calfskin Fussbett Sabot Mule Lilac"
"images/sneakers/New-Balance-2002R-Pink-Sand-GS-1-.webp","images","false","false","New Balance","false","sneakers","New-Balance-2002R-Pink-Sand-GS","New Balance 2002R Pink Sand GS"
"images/sneakers/New-Balance-2002R-Pink-Sand-GS-2-1-.webp","images","false","false","New Balance","false","sneakers","New-Balance-2002R-Pink-Sand-GS","New Balance 2002R Pink Sand GS"
"images/sneakers/New-Balance-2002R-Pink-Sand-GS-2.webp","images","false","false","New Balance","false","sneakers","New-Balance-2002R-Pink-Sand-GS","New Balance 2002R Pink Sand GS"
"images/sneakers/New-Balance-2002R-Pink-Sand-GS.webp","images","false","false","New Balance","false","sneakers","New-Balance-2002R-Pink-Sand-GS","New Balance 2002R Pink Sand GS"
"images/sneakers/Nike-Air-Force-1-Low-Supreme-Black-1-.jpg","images","false","false","Nike","false","sneakers","Nike-Air-Force-1-Low-Supreme-Black","Nike Air Force 1 Low Supreme Black"
"images/sneakers/Nike-Air-Force-1-Low-Supreme-Black.jpg","images","false","false","Nike","false","sneakers","Nike-Air-Force-1-Low-Supreme-Black","Nike Air Force 1 Low Supreme Black"
"images/sneakers/Nike-Air-Force-1-Low-Triple-White-Womens.jpg","images","false","false","Nike","false","sneakers","Nike-Air-Force-1-Low-Triple-White-Womens","Nike Air Force 1 Low Triple White Womens"
"images/sneakers/Nike-Dunk-High-Panda-2021-Womens.jpg","images","false","false","Nike","false","sneakers","Nike-Dunk-High-Panda-2021-Womens","Nike Dunk High Panda 2021 Womens"
"images/sneakers/Nike-Dunk-Low-Racer-Blue-White-1-.webp","images","false","false","Nike","false","sneakers","Nike-Dunk-Low-Racer-Blue-White","Nike Dunk Low Racer Blue White"
"images/sneakers/Nike-Dunk-Low-Racer-Blue-White-2-1-.webp","images","false","false","Nike","false","sneakers","Nike-Dunk-Low-Racer-Blue-White","Nike Dunk Low Racer Blue White"
"images/sneakers/Nike-Dunk-Low-Racer-Blue-White-2.webp","images","false","false","Nike","false","sneakers","Nike-Dunk-Low-Racer-Blue-White","Nike Dunk Low Racer Blue White"
"images/sneakers/Nike-Dunk-Low-Racer-Blue-White.webp","images","false","false","Nike","false","sneakers","Nike-Dunk-Low-Racer-Blue-White","Nike Dunk Low Racer Blue White"
"images/sneakers/Nike-Mind-001-Barely-Green-Hyper-Crimson-Black-Chrome-Womens-1-.webp","images","false","false","Nike","false","sneakers","Nike-Mind-001-Barely-Green-Hyper-Crimson-Black-Chrome-Womens","Nike Mind 001 Barely Green Hyper Crimson Black Chrome Womens"
"images/sneakers/Nike-Mind-001-Barely-Green-Hyper-Crimson-Black-Chrome-Womens-2-1-.webp","images","false","false","Nike","false","sneakers","Nike-Mind-001-Barely-Green-Hyper-Crimson-Black-Chrome-Womens","Nike Mind 001 Barely Green Hyper Crimson Black Chrome Womens"
"images/sneakers/Nike-Mind-001-Barely-Green-Hyper-Crimson-Black-Chrome-Womens-2.webp","images","false","false","Nike","false","sneakers","Nike-Mind-001-Barely-Green-Hyper-Crimson-Black-Chrome-Womens","Nike Mind 001 Barely Green Hyper Crimson Black Chrome Womens"
"images/sneakers/Nike-Mind-001-Barely-Green-Hyper-Crimson-Black-Chrome-Womens.webp","images","false","false","Nike","false","sneakers","Nike-Mind-001-Barely-Green-Hyper-Crimson-Black-Chrome-Womens","Nike Mind 001 Barely Green Hyper Crimson Black Chrome Womens"
"images/sneakers/Nike-Zoom-Vomero-5-Photon-Dust-Metallic-Silver-Womens.jpg","images","false","false","Nike","false","sneakers","Nike-Zoom-Vomero-5-Photon-Dust-Metallic-Silver-Womens","Nike Zoom Vomero 5 Photon Dust Metallic Silver Womens"
"images/sneakers/Rick-Owens-Baby-Geobasket-Green-Milk-2.jpg","images","false","false","Rick Owens","true","sneakers","Rick-Owens-Baby-Geobasket-Green-Milk","Rick Owens Baby Geobasket Green Milk"
"images/sneakers/Rick-Owens-Baby-Geobasket-Green-Milk.jpg","images","false","false","Rick Owens","true","sneakers","Rick-Owens-Baby-Geobasket-Green-Milk","Rick Owens Baby Geobasket Green Milk"
"images/sneakers/Rick-Owens-Concordians-DRKSHDW-Jumbo-Laced-Nylon-Canvas-Low-Black-Milk-1-.jpg","images","false","false","Rick Owens","true","sneakers","Rick-Owens-Concordians-DRKSHDW-Jumbo-Laced-Nylon-Canvas-Low-Black-Milk","Rick Owens Concordians DRKSHDW Jumbo Laced Nylon Canvas Low Black Milk"
"images/sneakers/Rick-Owens-Concordians-DRKSHDW-Jumbo-Laced-Nylon-Canvas-Low-Black-Milk.jpg","images","false","false","Rick Owens","true","sneakers","Rick-Owens-Concordians-DRKSHDW-Jumbo-Laced-Nylon-Canvas-Low-Black-Milk","Rick Owens Concordians DRKSHDW Jumbo Laced Nylon Canvas Low Black Milk"
"images/sneakers/Rick-Owens-Gray-Temple-Jumbolace-Low-Sneakers-1-.jpg","images","false","false","Rick Owens","true","sneakers","Rick-Owens-Gray-Temple-Jumbolace-Low-Sneakers","Rick Owens Gray Temple Jumbolace Low Sneakers"
"images/sneakers/Rick-Owens-Gray-Temple-Jumbolace-Low-Sneakers.jpg","images","false","false","Rick Owens","true","sneakers","Rick-Owens-Gray-Temple-Jumbolace-Low-Sneakers","Rick Owens Gray Temple Jumbolace Low Sneakers"
"images/sneakers/Rick-Owens-Mainline-Ramone-High-Top-Euca-MIlk-1-.jpg","images","false","false","Rick Owens","true","sneakers","Rick-Owens-Mainline-Ramone-High-Top-Euca-MIlk","Rick Owens Mainline Ramone High Top Euca MIlk"
"images/sneakers/Rick-Owens-Mainline-Ramone-High-Top-Euca-MIlk-2-1-.jpg","images","false","false","Rick Owens","true","sneakers","Rick-Owens-Mainline-Ramone-High-Top-Euca-MIlk","Rick Owens Mainline Ramone High Top Euca MIlk"
"images/sneakers/Rick-Owens-Mainline-Ramone-High-Top-Euca-MIlk-2.jpg","images","false","false","Rick Owens","true","sneakers","Rick-Owens-Mainline-Ramone-High-Top-Euca-MIlk","Rick Owens Mainline Ramone High Top Euca MIlk"
"images/sneakers/Rick-Owens-Mainline-Ramone-High-Top-Euca-MIlk.jpg","images","false","false","Rick Owens","true","sneakers","Rick-Owens-Mainline-Ramone-High-Top-Euca-MIlk","Rick Owens Mainline Ramone High Top Euca MIlk"
"images/sneakers/Rick-Owens-Mainline-Vintage-Low-Euca-Milk.jpg","images","false","false","Rick Owens","true","sneakers","Rick-Owens-Mainline-Vintage-Low-Euca-Milk","Rick Owens Mainline Vintage Low Euca Milk"
"images/sneakers/Salomon-XT-Pathway-2-Feid-FXXOMOR-1-.jpg","images","false","false","Salomon","true","sneakers","Salomon-XT-Pathway-2-Feid-FXXOMOR","Salomon XT Pathway 2 Feid FXXOMOR"
"images/sneakers/Salomon-XT-Pathway-2-Feid-FXXOMOR.jpg","images","false","false","Salomon","true","sneakers","Salomon-XT-Pathway-2-Feid-FXXOMOR","Salomon XT Pathway 2 Feid FXXOMOR"
"images/sneakers/Timberland-6-Premium-Waterproof-Boot-Black-Nubuck-PS.jpg","images","false","false","Timberland","false","sneakers","Timberland-6-Premium-Waterproof-Boot-Black-Nubuck-PS","Timberland 6 Premium Waterproof Boot Black Nubuck PS"
"images/sneakers/YZY-YS-01-Grey-1-.webp","images","false","false","Yeezy","false","sneakers","YZY-YS-01-Grey","YZY YS 01 Grey"
"images/sneakers/YZY-YS-01-Grey-2-1-.webp","images","false","false","Yeezy","false","sneakers","YZY-YS-01-Grey","YZY YS 01 Grey"
"images/sneakers/YZY-YS-01-Grey-2.webp","images","false","false","Yeezy","false","sneakers","YZY-YS-01-Grey","YZY YS 01 Grey"
"images/sneakers/YZY-YS-01-Grey.webp","images","false","false","Yeezy","false","sneakers","YZY-YS-01-Grey","YZY YS 01 Grey"
"images/sneakers/a1f6nsuatw11unvim58d-29f4e13b-8b55-4b4f-9f3b-3bfa2b5821f1.jpg","images","true","false","","false","sneakers","",""
"images/sneakers/a1uzrafcpdsceykzzpi9-c9a162ff-27a0-4d2a-972d-52b13e7cd6e1.webp","images","true","false","","false","sneakers","",""
"images/sneakers/acw0ygp4l8fco0nvf0y3-63814b68-8948-440b-9d4d-39d231cce38c.jpg","images","true","false","","false","sneakers","",""
"images/sneakers/ajd98vdsxdtzkpopcfbo.jpg","images","true","false","","false","sneakers","",""
"images/sneakers/ao6v3aotr3iqrysy3zww.webp","images","true","false","","false","sneakers","",""
"images/sneakers/arn8siblt1fsihneujis-12e51b2c-f3ee-4e4a-a283-aa56374d87ad.jpg","images","true","false","","false","sneakers","",""
"images/sneakers/awqc4ufabsrgcewlofdv-2847c40a-2b33-4da6-a26c-8ec999a0a63d.jpg","images","true","false","","false","sneakers","",""
"images/sneakers/b0gq9a82xevwv4fwq7ol-8512844c-9de5-4342-9f3a-4823761cf4aa.jpg","images","true","false","","false","sneakers","",""
"images/sneakers/b5nd6qjbrcnvoqxwnrj5-7c0a6b1f-473f-4fe6-91c4-0c86b61a9454.webp","images","true","false","","false","sneakers","",""
"images/sneakers/bf9vsrajbvem17wppmh4-109cbd73-ff5e-4038-911b-24d6e8c87fc6.webp","images","true","false","","false","sneakers","",""
"images/sneakers/bkanxflctlm8x9pehqjq.webp","images","true","false","","false","sneakers","",""
"images/sneakers/bm4keabupisgl17zawsx.jpg","images","true","false","","false","sneakers","",""
"images/sneakers/bm7tdqtncsnzjpshudwi-0a40f8a3-136e-4c3d-8871-92efcc43ff00.webp","images","true","false","","false","sneakers","",""
"images/sneakers/bstbnnrlq7drqq0goa1h-99e80537-2495-4b7f-8593-7f1e7a3ed33d.webp","images","true","false","","false","sneakers","",""
"images/sneakers/bvkwwkrkiiamx0yhzotv-efd94158-7005-4385-aa59-0ef67ace4635.jpg","images","true","false","","false","sneakers","",""
"images/sneakers/bvnixleh1tseoqfnabzm-576317ae-b6d9-40fc-9124-03e0764b6ebd.jpg","images","true","false","","false","sneakers","",""
"images/sneakers/bxvgpjqqcdxmae8j8pzp-6e7ac47e-f962-4b76-9b52-a1ed78568da7.webp","images","true","false","","false","sneakers","",""
"images/sneakers/c4nscitgikp84ttrbe8z-b3500da2-85c2-481e-9cd2-4b5bcd8fdf3b.jpg","images","true","false","","false","sneakers","",""
"images/sneakers/cdnps9kfjqlnksyrrvcq-06312709-0797-4626-8559-d3e58292919c-1-.jpg","images","true","false","","false","sneakers","",""
"images/sneakers/cdnps9kfjqlnksyrrvcq-06312709-0797-4626-8559-d3e58292919c.jpg","images","true","false","","false","sneakers","",""
"images/sneakers/cevi1tvlvmqn8gn2pi1s-b86aeef7-5c76-453b-b2e3-da254ef2b818.jpg","images","true","false","","false","sneakers","",""
"images/sneakers/cogoodvp0wzezm3f9b1o-d783b783-ad28-48b4-a1bb-e8d5f6d47aa0.webp","images","true","false","","false","sneakers","",""
"images/sneakers/coi6an4j5aahyb3ms88p.jpg","images","true","false","","false","sneakers","",""
"images/sneakers/d1ex8osdzeifq2femn3j-36fac1e7-1520-4fbc-b744-d90121e97ede.jpg","images","true","false","","false","sneakers","",""
"images/sneakers/damtcydvyjqgparfuovk-8ecdeb58-70c0-4558-86b4-bb93b526b8d2.jpg","images","true","false","","false","sneakers","",""
"images/sneakers/dgkxp7ulilw079bjjhdm-0ee37092-44c5-437c-b55a-e050478c7e8e.jpg","images","true","false","","false","sneakers","",""
"images/sneakers/dlrmfxaiifc4tbbr4gkt-57454c11-df17-43e6-932a-b68c1f9292ab.webp","images","true","false","","false","sneakers","",""
"images/sneakers/dtztnh7lmoxenntzqhpr-7493f1cb-86ec-419f-8f27-6668cb400086.jpg","images","true","false","","false","sneakers","",""
"images/sneakers/dufyg2nb7k3tdba0i6jv.webp","images","true","false","","false","sneakers","",""
"images/sneakers/e4gbdousiiqkmhuc4p5x-400cb031-300e-434c-a137-295cff409d58.jpg","images","true","false","","false","sneakers","",""
"images/sneakers/e55j8uioguvavygoscmy-359e0452-71be-4b82-b721-3a5d10b6ca3f-1-.webp","images","true","false","","false","sneakers","",""
"images/sneakers/e55j8uioguvavygoscmy-359e0452-71be-4b82-b721-3a5d10b6ca3f.webp","images","true","false","","false","sneakers","",""
"images/sneakers/e6e1w7boywfbowiimvvt-24b801cf-9392-405e-93f7-e5fd3f252bd0.webp","images","true","false","","false","sneakers","",""
"images/sneakers/eiq4vm6f4tulcnhxp7oi-b1db7102-cf53-4e24-89ff-de9394041755.jpg","images","true","false","","false","sneakers","",""
"images/sneakers/eq5mfptsic4bewwkryfq-ff336f1f-4045-4be5-ba08-feb26efd0a95-1-.webp","images","true","false","","false","sneakers","",""
"images/sneakers/eq5mfptsic4bewwkryfq-ff336f1f-4045-4be5-ba08-feb26efd0a95.webp","images","true","false","","false","sneakers","",""
"images/sneakers/ex7fgaxkl25yx0hu63fc-0d65da19-4515-470b-a951-0892807cf6b4.jpg","images","true","false","","false","sneakers","",""
"images/sneakers/fdyuyoei4lanknoo7v09-4698ec10-d538-4028-b63c-0934b615dabe-1-.jpg","images","true","false","","false","sneakers","",""
"images/sneakers/fdyuyoei4lanknoo7v09-4698ec10-d538-4028-b63c-0934b615dabe.jpg","images","true","false","","false","sneakers","",""
"images/sneakers/ffp9vphujlt0iumf9hsv-1-.webp","images","true","false","","false","sneakers","",""
"images/sneakers/ffp9vphujlt0iumf9hsv.webp","images","true","false","","false","sneakers","",""
"images/sneakers/flipiwdganjmddxziugn.webp","images","true","false","","false","sneakers","",""
"images/sneakers/fnvwu9w5pcpdbisc90tm-7462c476-ab3d-4b59-a140-f4ae2acb8751.jpg","images","true","false","","false","sneakers","",""
"images/sneakers/g5dl1gygdbef9wlpi92w-c6e1eb3e-65ee-4512-a4c4-ff8f6b1c2a76.jpg","images","true","false","","false","sneakers","",""
"images/sneakers/gadq3ltrhdajnjokqgdz-51eeb2c8-4fda-4c02-b579-86f7581de6f5-1-.webp","images","true","false","","false","sneakers","",""
"images/sneakers/gadq3ltrhdajnjokqgdz-51eeb2c8-4fda-4c02-b579-86f7581de6f5.webp","images","true","false","","false","sneakers","",""
"images/sneakers/gc6lsjctk7wzw4sodyts-15708eb3-4ae7-4f4c-b1b2-e831d6460471.jpg","images","true","false","","false","sneakers","",""
"images/sneakers/gcijs2rykdaevrtjb8im.jpg","images","true","false","","false","sneakers","",""
"images/sneakers/gg4nwf430jouhbtiweb3-fe2ec452-2a7e-4585-8f39-bf4a875523ea.jpg","images","true","false","","false","sneakers","",""
"images/sneakers/ggmaa5nqbrc7hayqcard-7a73f129-c3bf-4b74-bbbc-f72cebc1e479.jpg","images","true","false","","false","sneakers","",""
"images/sneakers/gooq0hzuuqsd9mqdwewh-ed1ff520-2f4a-4338-8781-b4ac4f6a8706.jpg","images","true","false","","false","sneakers","",""
"images/sneakers/gpzodqdqj6chsc9tivk3-2ca4308c-2c63-4c04-8ad1-88436a2445d8.webp","images","true","false","","false","sneakers","",""
"images/sneakers/hg3k5k4vhebidkb6rfw9-f265a821-4101-40ea-bbf2-7fa6644f969a.jpg","images","true","false","","false","sneakers","",""
"images/sneakers/hh9ovrvv3ldpqheu0wm6-6eb27afb-1cf2-4d2b-b21e-f98456e8e156-1-.webp","images","true","false","","false","sneakers","",""
"images/sneakers/hh9ovrvv3ldpqheu0wm6-6eb27afb-1cf2-4d2b-b21e-f98456e8e156.webp","images","true","false","","false","sneakers","",""
"images/sneakers/hqz3o6gstywolyvccebz.webp","images","true","false","","false","sneakers","",""
"images/sneakers/hrgyf0cyg0iqghk4cjns-c1ac6bd7-3140-4277-a6f6-ca2f34f3ccc8.jpg","images","true","false","","false","sneakers","",""
"images/sneakers/hxwuto8gysczzdztuq9k.jpg","images","true","false","","false","sneakers","",""
"images/sneakers/hy0jasxipbz2qclnyr84-d1f3acb0-b30a-4103-96a4-65acdd366057.webp","images","true","false","","false","sneakers","",""
"images/sneakers/i5kswj0nfevd3gjn5sp3-1c08e744-d4b6-41fa-941c-9d6f593fa73e.jpg","images","true","false","","false","sneakers","",""
"images/sneakers/iah0ftgsgavjrzwqizkc-a67ef85f-448b-4f86-87b9-c9df7780d5fd.jpg","images","true","false","","false","sneakers","",""
"images/sneakers/ih4wtokjgwc0wtncygc9.webp","images","true","false","","false","sneakers","",""
"images/sneakers/ik4gsfupdliiltheez7l-38cf28a1-9813-4119-8b7b-9b524284fbba.webp","images","true","false","","false","sneakers","",""
"images/sneakers/imnqvjoyg68bdtd6g3uh-c91f6c81-8f25-4f98-a2ff-355023126b52.webp","images","true","false","","false","sneakers","",""
"images/sneakers/irgyji3mz3d9dafp58j7-67bed47f-da3f-455f-b3f7-01a6ed3e7562-1-.webp","images","true","false","","false","sneakers","",""
"images/sneakers/irgyji3mz3d9dafp58j7-67bed47f-da3f-455f-b3f7-01a6ed3e7562.webp","images","true","false","","false","sneakers","",""
"images/sneakers/iwjh5elhwnlflmxzlltz-cf82477a-ce3a-4b89-9408-406af783c230.jpg","images","true","false","","false","sneakers","",""
"images/sneakers/iya9fxcewhjyi0ade7jd-1acfb49e-86df-4b31-87c5-9886ac7b6802.jpg","images","true","false","","false","sneakers","",""
"images/sneakers/iyaxrpiijyhzj9lbbsfv-ec12334e-fef8-49fb-9e32-527bac07cd6c.webp","images","true","false","","false","sneakers","",""
"images/sneakers/jdzjknhnk4qnqnn5nkuq-01ec2e29-9bd7-4d81-a16e-e01daad472fb.webp","images","true","false","","false","sneakers","",""
"images/sneakers/jeclkbcvtuub3fktx0nv-229e0889-1072-47e8-b93e-e4b571510094-1-.webp","images","true","false","","false","sneakers","",""
"images/sneakers/jeclkbcvtuub3fktx0nv-229e0889-1072-47e8-b93e-e4b571510094.webp","images","true","false","","false","sneakers","",""
"images/sneakers/jepejvcvrrvhhifek2zk-5c662c58-9d8c-4be4-bf39-97d2bb2c2af8.png","images","true","false","","false","sneakers","",""
"images/sneakers/jli4uleqyudand1itsqg-cf5aa6aa-9e2c-4537-9a0d-cba52a239980.webp","images","true","false","","false","sneakers","",""
"images/sneakers/jmfrzuh7sragyzymoyvr-71de9d9a-c0c2-41d5-b4bc-bee2c897937a.png","images","true","false","","false","sneakers","",""
"images/sneakers/jnj1zo3kip0tjsehfl4f-9906ff49-2ea4-4006-a8dd-798c51ee7ea3.webp","images","true","false","","false","sneakers","",""
"images/sneakers/jridanskcrhxydyiqf6x-3f241836-bb4d-4a5e-b9f9-67910a1bd24d.jpg","images","true","false","","false","sneakers","",""
"images/sneakers/jrs3fvajxdjtkabafbma-43c7fbad-a4bf-417d-bc3e-e15e4a77ebd2.webp","images","true","false","","false","sneakers","",""
"images/sneakers/jybry5qid9fmre5dfngb-602124c4-d4c0-43de-99d3-ce7f10eedd2a.jpg","images","true","false","","false","sneakers","",""
"images/sneakers/k9lupwqn8wc0aihocrf1-c1e242cf-9267-4654-bad2-1ed863a33d7a.png","images","true","false","","false","sneakers","",""
"images/sneakers/keupcmgiftyxkmlnj5iy.png","images","true","false","","false","sneakers","",""
"images/sneakers/kfig42qv9yevqms3lgnc-c36c2fb4-3339-471f-8068-dea418334439.jpg","images","true","false","","false","sneakers","",""
"images/sneakers/kgde7y48ik7xdhfmdbhg-595e6704-d36b-411b-ad91-1bb1869f0c86.jpg","images","true","false","","false","sneakers","",""
"images/sneakers/ki21wlikabb8eguclaim-b8456fe5-291d-4399-9ac0-b6c9f57d8083.jpg","images","true","false","","false","sneakers","",""
"images/sneakers/kjdwxy0mmhg5z1ltmlog.jpg","images","true","false","","false","sneakers","",""
"images/sneakers/kk3afnynglaeh2xalwea-8827c309-28e1-4e82-8153-d0089b3cee58-1-.webp","images","true","false","","false","sneakers","",""
"images/sneakers/kk3afnynglaeh2xalwea-8827c309-28e1-4e82-8153-d0089b3cee58.webp","images","true","false","","false","sneakers","",""
"images/sneakers/l26hatxdr8deficg0vek-1-.jpg","images","true","false","","false","sneakers","",""
"images/sneakers/l26hatxdr8deficg0vek.jpg","images","true","false","","false","sneakers","",""
"images/sneakers/l4ikscrmjldcnymc1wqz-c126c0c2-056f-4ef4-a891-53f8a1bcbc1f.webp","images","true","false","","false","sneakers","",""
"images/sneakers/l5533aa8snihalpgemq8-f8f5ff91-fdbf-482c-b8e2-425ca3261085.jpg","images","true","false","","false","sneakers","",""
"images/sneakers/lcxdcuzeo7pkms3qen0r-c3809118-6d31-4283-baf9-0596f898ddbc-1-.webp","images","true","false","","false","sneakers","",""
"images/sneakers/lcxdcuzeo7pkms3qen0r-c3809118-6d31-4283-baf9-0596f898ddbc.webp","images","true","false","","false","sneakers","",""
"images/sneakers/lg7hgk8uwo0iey3hmt2a-a41a6733-93da-4ddb-be35-1416555f4c10-1-.jpg","images","true","false","","false","sneakers","",""
"images/sneakers/lg7hgk8uwo0iey3hmt2a-a41a6733-93da-4ddb-be35-1416555f4c10.jpg","images","true","false","","false","sneakers","",""
"images/sneakers/m2mxdw7l9sn1bmugxvzf-d7723e9b-0b41-480e-928b-e08dcee13138.webp","images","true","false","","false","sneakers","",""
"images/sneakers/m30nkkcgl0coh8drxgfw-9ed57bcb-b6bc-4bef-bac2-e3be96e215b6.jpg","images","true","false","","false","sneakers","",""
"images/sneakers/mbdr8u0gfjmlny5wk9bu-813f04be-4676-4d19-90f1-c9536aafd187.jpg","images","true","false","","false","sneakers","",""
"images/sneakers/meka1wfyqb7dshdhoe9b.webp","images","true","false","","false","sneakers","",""
"images/sneakers/mgijunu3c3tuykwwbhhx-0a613386-6b84-45d4-a9b6-8a62a5918e2b.jpg","images","true","false","","false","sneakers","",""
"images/sneakers/mglcddaekq04g2fua9og-1d606633-6118-484d-9c6c-cbf6892a662b-1-.webp","images","true","false","","false","sneakers","",""
"images/sneakers/mglcddaekq04g2fua9og-1d606633-6118-484d-9c6c-cbf6892a662b.webp","images","true","false","","false","sneakers","",""
"images/sneakers/mngi40ogwuhnir63zt7p-0742078a-8621-4ec4-8c05-5c6074468e70-1-.jpg","images","true","false","","false","sneakers","",""
"images/sneakers/mngi40ogwuhnir63zt7p-0742078a-8621-4ec4-8c05-5c6074468e70.jpg","images","true","false","","false","sneakers","",""
"images/sneakers/mtw687521elvlixqymzl-544a2f02-adc6-434a-b06f-919aca544538.webp","images","true","false","","false","sneakers","",""
"images/sneakers/nboasszmctgoipu50xzj-1-.jpg","images","true","false","","false","sneakers","",""
"images/sneakers/nboasszmctgoipu50xzj.jpg","images","true","false","","false","sneakers","",""
"images/sneakers/nvexshaafemkuqgcrwfi-d2ff098b-a346-4ee8-babe-854e09312124.jpg","images","true","false","","false","sneakers","",""
"images/sneakers/nwoniw0lvce1patymo35-385c2ef1-a2e3-4d86-8895-2e65839d6b90.jpg","images","true","false","","false","sneakers","",""
"images/sneakers/o02arkb3m785zqrwd4db-9da8950a-beb7-49e3-9e58-496e49fadf13.jpg","images","true","false","","false","sneakers","",""
"images/sneakers/ohfsukdfgvcvmax5yaow-96bf1ada-dc74-40a0-acd2-9fe5b53a5fd3.png","images","true","false","","false","sneakers","",""
"images/sneakers/ohkhiknihpazbrvkvfea-82332144-fa06-4182-96fd-0fb76685e438.webp","images","true","false","","false","sneakers","",""
"images/sneakers/oi4t2nlo0qcbgzdijbyu-04fab607-d66e-48e8-8129-3438996b6e34-1-.webp","images","true","false","","false","sneakers","",""
"images/sneakers/oi4t2nlo0qcbgzdijbyu-04fab607-d66e-48e8-8129-3438996b6e34.webp","images","true","false","","false","sneakers","",""
"images/sneakers/omt8qzry0j9qx6smluio-c0fa98dc-c8e3-492a-888d-a41dff75f9aa.webp","images","true","false","","false","sneakers","",""
"images/sneakers/oob87gq7l245wkidy6fu-4306a17f-428d-43f8-98c0-268db6487c54.png","images","true","false","","false","sneakers","",""
"images/sneakers/ovmbigwqs3ct3sg9k86u-07ad8d92-9f96-431f-b769-cba5071f7faf-1-.webp","images","true","false","","false","sneakers","",""
"images/sneakers/ovmbigwqs3ct3sg9k86u-07ad8d92-9f96-431f-b769-cba5071f7faf.webp","images","true","false","","false","sneakers","",""
"images/sneakers/oxe5bdyr4oerwq7hbv4z-f7d52cf5-10ec-4304-b5e2-58ce58d2136d.webp","images","true","false","","false","sneakers","",""
"images/sneakers/oz323zqhwogmfoisrv7s-1df7085e-730f-47ab-bbcb-ed3a6e3dab62-1-.webp","images","true","false","","false","sneakers","",""
"images/sneakers/oz323zqhwogmfoisrv7s-1df7085e-730f-47ab-bbcb-ed3a6e3dab62.webp","images","true","false","","false","sneakers","",""
"images/sneakers/oz4qywzwjt97ff1qnl7g-4d4cbb38-0f1c-4a34-85a0-dcf8569cfe57.jpg","images","true","false","","false","sneakers","",""
"images/sneakers/p4x1ubnw1pbvfbmwnr6a-99d7d6ea-c7f7-473d-97bd-d213f3804729.jpg","images","true","false","","false","sneakers","",""
"images/sneakers/pkvc6bfmfjwnsghhfjpu-2b2a3c26-1761-4168-8fd9-05dd1301335d.jpg","images","true","false","","false","sneakers","",""
"images/sneakers/poh8ciytc845eentgct3-ab772a04-0fbf-449c-b46e-5d507fe9feae.webp","images","true","false","","false","sneakers","",""
"images/sneakers/ppcip6fszqzingwehiwb-8fc45001-3f0c-45d7-a370-d1cef98698f1.jpg","images","true","false","","false","sneakers","",""
"images/sneakers/pr0c8kliigfhqqmpce9c-cbcb6719-b861-4cfa-91f0-601d311ccd8e.webp","images","true","false","","false","sneakers","",""
"images/sneakers/qijegr4ot96hxy4iewlg-3cd0b838-28f3-4ea6-b116-38493a89f475.webp","images","true","false","","false","sneakers","",""
"images/sneakers/qu31uejjhncq5mngz1og-046949d6-4bd1-4610-9617-dda8e8cc3ac5.jpg","images","true","false","","false","sneakers","",""
"images/sneakers/rpjqa7mb5bhd8xvs2rzz.jpg","images","true","false","","false","sneakers","",""
"images/sneakers/rqfzqyl1elpdkbu0jbjs-d21d70dc-599f-40aa-9026-1bd73dddadd9-1-.png","images","true","false","","false","sneakers","",""
"images/sneakers/rqfzqyl1elpdkbu0jbjs-d21d70dc-599f-40aa-9026-1bd73dddadd9.png","images","true","false","","false","sneakers","",""
"images/sneakers/rrmqytu4oufq51ibewns-b99ac50a-2efe-4be8-b314-546387ac7063.jpg","images","true","false","","false","sneakers","",""
"images/sneakers/sbrhneyg6p6ruz9j5rsa-7be99bca-2021-447a-8667-67ffd6e3fbc7.png","images","true","false","","false","sneakers","",""
"images/sneakers/sp3sgks2eqh6cawhaqrw-8b15f85b-b178-4cc4-aa59-3f2a7bb06c1e.png","images","true","false","","false","sneakers","",""
"images/sneakers/sslyxj4vmivqmd4vyrij-78f36814-5b9b-46b3-a5f9-bfdcb3eed14a.jpg","images","true","false","","false","sneakers","",""
"images/sneakers/swghsu8akjsnrkv2x1q2.webp","images","true","false","","false","sneakers","",""
"images/sneakers/swtybdiwaffho4od9hes.webp","images","true","false","","false","sneakers","",""
"images/sneakers/t2wn7rly228ckc4cyvtv-557193c6-84e4-4d19-a10f-247347a46d07-1-.png","images","true","false","","false","sneakers","",""
"images/sneakers/t2wn7rly228ckc4cyvtv-557193c6-84e4-4d19-a10f-247347a46d07.png","images","true","false","","false","sneakers","",""
"images/sneakers/t61lplac50xwmacvnb6e-97bb6306-fc26-43b3-892f-985209c8a022-1-.webp","images","true","false","","false","sneakers","",""
"images/sneakers/t61lplac50xwmacvnb6e-97bb6306-fc26-43b3-892f-985209c8a022.webp","images","true","false","","false","sneakers","",""
"images/sneakers/t6ppyk8laxadrgn9z9za-d8b5ec07-7743-480d-8c4e-67b33ff8682f.png","images","true","false","","false","sneakers","",""
"images/sneakers/tl42kfw8uimaj7fp1lng-1737cbbc-9894-45f4-9ab3-c46b147e9a24.webp","images","true","false","","false","sneakers","",""
"images/sneakers/tziarqvb2465r9sjbskv-7a83a713-ac4e-4d5a-a02f-b48b69fb403f.jpg","images","true","false","","false","sneakers","",""
"images/sneakers/u1fk0etyqnnkylei7iz4.webp","images","true","false","","false","sneakers","",""
"images/sneakers/u4v0yundo94zxoxcdqs5.webp","images","true","false","","false","sneakers","",""
"images/sneakers/u6ttdc4loqvkj4rlfda2-1c32e556-b9bf-4203-841b-2c07e92de3f3-1-.webp","images","true","false","","false","sneakers","",""
"images/sneakers/u6ttdc4loqvkj4rlfda2-1c32e556-b9bf-4203-841b-2c07e92de3f3.webp","images","true","false","","false","sneakers","",""
"images/sneakers/upvsxm1w8fq7pwjbboko-a22c96c4-e9ee-4f5d-a74d-666bb9d9f747.jpg","images","true","false","","false","sneakers","",""
"images/sneakers/usmiy53dodmytvnxl4mc-d082214c-62ce-479b-9392-06ccead0164c.webp","images","true","false","","false","sneakers","",""
"images/sneakers/usml0foikvvy66kcifac-1-.webp","images","true","false","","false","sneakers","",""
"images/sneakers/usml0foikvvy66kcifac.webp","images","true","false","","false","sneakers","",""
"images/sneakers/uzbanufrt8nlvbm68tni-b2c47af2-f4bd-4f71-b54e-40a1df65441b.jpg","images","true","false","","false","sneakers","",""
"images/sneakers/v4z2ilqpm8b8du35oha2-a9a0ce00-d715-48e0-a416-1b0e467939b2.jpg","images","true","false","","false","sneakers","",""
"images/sneakers/vl48yhm8bt6r9w7mnu3f-1-.webp","images","true","false","","false","sneakers","",""
"images/sneakers/vl48yhm8bt6r9w7mnu3f.webp","images","true","false","","false","sneakers","",""
"images/sneakers/vq3rwfkuhixdpz7gyzoe-7a6b1495-e856-431b-9810-a2ecea259941.webp","images","true","false","","false","sneakers","",""
"images/sneakers/vr7tv5sadn3esqhginfd.jpg","images","true","false","","false","sneakers","",""
"images/sneakers/vsh85zxhixytmexng615-1b91631a-87db-466f-9e7a-5391174d67d2.jpg","images","true","false","","false","sneakers","",""
"images/sneakers/vyjimdukrgfzuhdejnfk-a47d01be-dfb5-45d5-bbb0-44a4e9e12f6c.webp","images","true","false","","false","sneakers","",""
"images/sneakers/wfxuftvrg1tv15nymtpr-cb963c57-05ad-4324-8eb8-6dadf8446cbf-1-.webp","images","true","false","","false","sneakers","",""
"images/sneakers/wfxuftvrg1tv15nymtpr-cb963c57-05ad-4324-8eb8-6dadf8446cbf.webp","images","true","false","","false","sneakers","",""
"images/sneakers/woczfs90rfp8fj5pbpqg-1-.jpg","images","true","false","","false","sneakers","",""
"images/sneakers/woczfs90rfp8fj5pbpqg.jpg","images","true","false","","false","sneakers","",""
"images/sneakers/ww1y7diixweiaicfjr7d-6eb48382-890b-49f0-943d-0c0b6cb1b4d2.webp","images","true","false","","false","sneakers","",""
"images/sneakers/xkkvybk1e4zcdspq8u7z-5a6e4d95-cc1e-478b-8bfa-0e76f396017f.webp","images","true","false","","false","sneakers","",""
"images/sneakers/xleggs7gdr7z0svlieji.webp","images","true","false","","false","sneakers","",""
"images/sneakers/y0ksfmnxyojhet6t5crb-5de12f2f-9ea8-41fe-b8c8-e8c9c65bcadc-1-.webp","images","true","false","","false","sneakers","",""
"images/sneakers/y0ksfmnxyojhet6t5crb-5de12f2f-9ea8-41fe-b8c8-e8c9c65bcadc.webp","images","true","false","","false","sneakers","",""
"images/sneakers/y3olnd84s32p1um5vg91.webp","images","true","false","","false","sneakers","",""
"images/sneakers/yeg3dk4dmmm5ruzd79qj-a6b20dc8-bbb7-4959-ae22-874c1563fe1f.webp","images","true","false","","false","sneakers","",""
"images/sneakers/ygrqjlzcomgbvbfxxyhd-41bc33ea-4d50-4117-8d7e-288015a939ec.jpg","images","true","false","","false","sneakers","",""
"images/sneakers/ysvpirdytbsv0sfri4kd-a41fdfae-a29e-4ee6-907c-ca1a93ccef41-1-.jpg","images","true","false","","false","sneakers","",""
"images/sneakers/ysvpirdytbsv0sfri4kd-a41fdfae-a29e-4ee6-907c-ca1a93ccef41.jpg","images","true","false","","false","sneakers","",""
"images/sneakers/yt9ylwofnbxtwdxfcpb9-5af334e9-d304-49b5-bbb9-50226f0f36cc.jpg","images","true","false","","false","sneakers","",""
"images/sneakers/zdvr3hpqpc0w4qromt0a-1dd3938e-dd0c-4669-9704-78aa957f8ee1.webp","images","true","false","","false","sneakers","",""
"images/sneakers/ziny9vnazcxw6e5cm9oj.webp","images","true","false","","false","sneakers","",""
"images/sneakers/ziqgajny3cvsda2vgr30-74e1a9c4-9183-4299-86b6-98e2cf64d0dd-1-.webp","images","true","false","","false","sneakers","",""
"images/sneakers/ziqgajny3cvsda2vgr30-74e1a9c4-9183-4299-86b6-98e2cf64d0dd.webp","images","true","false","","false","sneakers","",""
"images/sneakers/zuwr5avebqg3fgslgf1a-9ee17a8f-69ae-47c2-adf9-d4cacabd7364.jpg","images","true","false","","false","sneakers","",""
"images/sneakers/zyob9vn8nzp8fimrbibj-ee74738d-2388-4d2a-8d56-d1c36a9e9f0f.jpg","images","true","false","","false","sneakers","",""
"home-products/bottegadesires/b0aqnu5omw8hi8wj3ofc-e3318e96-0c2f-494d-8b4b-811cdb4b5cad.jpg","home-products","true","false","","false","","",""
"home-products/bottegadesires/b6aq6g42qghge3iptkow-5083ba58-cb18-42f0-9ba1-6a706886e17e.jpg","home-products","true","false","","false","","",""
"home-products/bottegadesires/drdiyqdbrbzwlr32fan9-f8391683-8557-4b7e-bd30-685055da4b61.jpg","home-products","true","false","","false","","",""
"home-products/bottegadesires/drdiyqdbrbzwlr32fan9.jpg","home-products","true","true","","false","","",""
"home-products/bottegadesires/fs6qp5aq89wihphhkt8e.jpg","home-products","true","false","","false","","",""
"home-products/bottegadesires/g5rfxc515pbusj1kjwvu-60055b86-962d-43a0-ad0d-e343999486da.webp","home-products","true","false","","false","","",""
"home-products/bottegadesires/joomq1dylrsjvnl9bkff.webp","home-products","true","false","","false","","",""
"home-products/bottegadesires/mu4agaieb67x8fe6kxh1-88ea12ef-b07a-4c12-bb89-9c130086cc09.jpg","home-products","true","false","","false","","",""
"home-products/bottegadesires/om5qxb6vilxjnolhgxpx.jpg","home-products","true","false","","false","","",""
"home-products/bottegadesires/qksrdqjmtpzgy6v8iuyd.jpg","home-products","true","false","","false","","",""
"home-products/bottegadesires/r8xohibzeifx7pd4lu87.webp","home-products","true","false","","false","","",""
"home-products/bottegadesires/rv3klgrwndkliwy7k4ib-73b9fce4-c14d-4725-a682-3c9444ad82fd.jpg","home-products","true","false","","false","","",""
"home-products/bottegadesires/suzgso5ummbirjhpxpkv.webp","home-products","true","false","","false","","",""
"home-products/bottegadesires/szjqwgadeings0h9z8gi-944305ac-1ec7-4f6d-a997-2a8dbf1a97e0.jpg","home-products","true","false","","false","","",""
"home-products/bottegadesires/wenixjribk2s8j62rbut-470bd858-fb24-4827-a07d-eaafa75eb0d9.jpg","home-products","true","false","","false","","",""
"home-products/bottegadesires/wenixjribk2s8j62rbut.jpg","home-products","true","true","","false","","",""
"home-products/chromehearts/Chrome-Hearts-CH-Logo-Beanie-GreenYellow.webp","home-products","false","false","Chrome Hearts","true","accessories","Chrome-Hearts-CH-Logo-Beanie-GreenYellow","Chrome Hearts CH Logo Beanie GreenYellow"
"home-products/chromehearts/Chrome-Hearts-Logo-Beanie-Black.webp","home-products","false","false","Chrome Hearts","true","accessories","Chrome-Hearts-Logo-Beanie-Black","Chrome Hearts Logo Beanie Black"
"home-products/chromehearts/Chrome-Hearts-x-Matty-Boy-FORM-Long-Sleeve-Jersey-Red-2.jpg","home-products","false","false","Chrome Hearts","true","apparel","Chrome-Hearts-x-Matty-Boy-FORM-Long-Sleeve-Jersey-Red","Chrome Hearts x Matty Boy FORM Long Sleeve Jersey Red"
"home-products/chromehearts/Chrome-Hearts-x-Matty-Boy-FORM-Long-Sleeve-Jersey-Red.jpg","home-products","false","false","Chrome Hearts","true","apparel","Chrome-Hearts-x-Matty-Boy-FORM-Long-Sleeve-Jersey-Red","Chrome Hearts x Matty Boy FORM Long Sleeve Jersey Red"
"home-products/chromehearts/bgdtujiswcalnpce1shz.jpg","home-products","true","false","","false","","",""
"home-products/chromehearts/bhbtsq1n7ypd5cuwk5nc.jpg","home-products","true","true","","false","","",""
"home-products/chromehearts/cfmwqm59076l7nsw2pgd.jpg","home-products","true","false","","false","","",""
"home-products/chromehearts/ezdvr3s6xqrnalqxpsax.jpg","home-products","true","true","","false","","",""
"home-products/chromehearts/f30pdfyx2xqb1ywrctfc.jpg","home-products","true","true","","false","","",""
"home-products/chromehearts/fbgf5xfogkdolgwngopm-691faf69-3ed7-4822-97b4-39e5593d13d4.png","home-products","true","false","","false","","",""
"home-products/chromehearts/fyn0tmqsr5nu0c4yhmgl.jpg","home-products","true","true","","false","","",""
"home-products/chromehearts/gdsruzbh5excmub0ykrd.jpg","home-products","true","false","","false","","",""
"home-products/chromehearts/l3khadionwnrvtojulse-49b02336-cf88-494e-baf3-17adad8e05ed.png","home-products","true","false","","false","","",""
"home-products/chromehearts/m63w0fnqn6zqre0irwr8.jpg","home-products","true","false","","false","","",""
"home-products/chromehearts/phyhoz5asddcgayynxcm.jpg","home-products","true","true","","false","","",""
"home-products/chromehearts/pyipj9xlvor30o5crbbw.jpg","home-products","true","false","","false","","",""
"home-products/chromehearts/pzaiiizu6vvw7ycdwzni.webp","home-products","true","false","","false","","",""
"home-products/chromehearts/qthfnz74lhkk63s4b3m2-7f061727-30f6-4a3e-b17e-e9413f3df668.jpg","home-products","true","false","","false","","",""
"home-products/chromehearts/rwggtmnatieip3bx6huz.jpg","home-products","true","false","","false","","",""
"home-products/chromehearts/toyyvtams7vueisrsful.jpg","home-products","true","true","","false","","",""
"home-products/chromehearts/txnk1lfy4b1yecjd8ej2.webp","home-products","true","true","","false","","",""
"home-products/chromehearts/yci36ms2jxjarv3qd23t.jpg","home-products","true","false","","false","","",""
"home-products/enfantsrichesdeprimes/b25x7coralfjutfhlxr3-4d15ba84-0d89-4aa3-9973-49101fe3620a.webp","home-products","true","false","","false","","",""
"home-products/enfantsrichesdeprimes/blzbl8oqx5havyjkxjkt.webp","home-products","true","false","","false","","",""
"home-products/enfantsrichesdeprimes/dk3m7zydph3ncte8vmsw.webp","home-products","true","false","","false","","",""
"home-products/enfantsrichesdeprimes/dnfpwuim8dybjg6ijd8v-7f1d95e1-715d-476b-a0c3-522b7d800a6d.jpg","home-products","true","false","","false","","",""
"home-products/enfantsrichesdeprimes/f29k2vkdomkgs1xkrv3z.jpg","home-products","true","false","","false","","",""
"home-products/enfantsrichesdeprimes/hszlvfplkdehmcgifp9d-deb8b820-effc-4a24-9f48-a5c2b3639f64.jpg","home-products","true","false","","false","","",""
"home-products/enfantsrichesdeprimes/j3etbgp5zyqcfpsejvxd.jpg","home-products","true","false","","false","","",""
"home-products/enfantsrichesdeprimes/khu42cicaqsxzqfxu4la-a0765f9a-f427-4b55-8934-6c2c8f670afd.jpg","home-products","true","false","","false","","",""
"home-products/enfantsrichesdeprimes/ox1ipr4je3z9t6dfnudj-70106298-08af-4803-abbe-7068e513f7b3.png","home-products","true","false","","false","","",""
"home-products/enfantsrichesdeprimes/oxgoatxlutmvbnerogik.jpg","home-products","true","false","","false","","",""
"home-products/enfantsrichesdeprimes/rvbabya78uwvup10ux4r-4573af08-9153-4419-bc89-1700f1080d14.webp","home-products","true","false","","false","","",""
"home-products/enfantsrichesdeprimes/sjybeeit189ssnmreqyb-bcb2c3c3-f3aa-4aac-a75f-a81fdde63693.jpg","home-products","true","false","","false","","",""
"home-products/enfantsrichesdeprimes/srkk2uztmtan9oa7g1sc-42fc1f90-dd4d-4547-9cd0-0cfcc8987ae2.jpg","home-products","true","false","","false","","",""
"home-products/enfantsrichesdeprimes/stmpwhosnfohwyih40ur.webp","home-products","true","false","","false","","",""
"home-products/enfantsrichesdeprimes/wjzm9qcmykk6zjxlgqmd.webp","home-products","true","false","","false","","",""
"home-products/enfantsrichesdeprimes/wsithu4azdtsjyvufiap.webp","home-products","true","false","","false","","",""
"home-products/enfantsrichesdeprimes/wug7ji3u9ck9zd73upjj.jpg","home-products","true","false","","false","","",""
"home-products/enfantsrichesdeprimes/z2v2jiiakqou5pvldqhi-5f9c8f3d-6481-4d09-959d-7cf399b7d8b5.jpg","home-products","true","false","","false","","",""
"home-products/enfantsrichesdeprimes/zfulughzuxm4m7aeboeh-6bc15e8c-c311-4adc-aa1e-4750cfafc084.png","home-products","true","false","","false","","",""
"home-products/enfantsrichesdeprimes/zprnni98ur9wfvemeztx.jpg","home-products","true","false","","false","","",""
"home-products/new-arrivals-accessories/Bearbrick-Mickey-Mouse-2020-1000-RW-Ver--2.webp","home-products","false","false","Bearbrick","true","accessories","Bearbrick-Mickey-Mouse-2020-1000-RW-Ver-","Bearbrick Mickey Mouse 2020 1000 RW Ver"
"home-products/new-arrivals-accessories/Bearbrick-Mickey-Mouse-2020-1000-RW-Ver.webp","home-products","false","false","Bearbrick","true","accessories","Bearbrick-Mickey-Mouse-2020-1000-RW-Ver","Bearbrick Mickey Mouse 2020 1000 RW Ver"
"home-products/new-arrivals-accessories/Chrome-Hearts-CH-Logo-Beanie-GreenYellow.webp","home-products","false","true","Chrome Hearts","true","accessories","Chrome-Hearts-CH-Logo-Beanie-GreenYellow","Chrome Hearts CH Logo Beanie GreenYellow"
"home-products/new-arrivals-accessories/Chrome-Hearts-Logo-Beanie-Black.webp","home-products","false","true","Chrome Hearts","true","accessories","Chrome-Hearts-Logo-Beanie-Black","Chrome Hearts Logo Beanie Black"
"home-products/new-arrivals-accessories/bg2pv0ckgdmkhbnzhxuc-94eb78ee-37a3-43bd-b0e9-b9f608451711.webp","home-products","true","false","","false","accessories","",""
"home-products/new-arrivals-accessories/cfmwqm59076l7nsw2pgd.jpg","home-products","true","true","","false","accessories","",""
"home-products/new-arrivals-accessories/gdsruzbh5excmub0ykrd.jpg","home-products","true","true","","false","accessories","",""
"home-products/new-arrivals-accessories/lbdbv27k4lwhf7pki9yv-c26b9c45-1ae5-4292-99de-e07aa7ea73f7.jpg","home-products","true","false","","false","accessories","",""
"home-products/new-arrivals-accessories/qthfnz74lhkk63s4b3m2-7f061727-30f6-4a3e-b17e-e9413f3df668.jpg","home-products","true","true","","false","accessories","",""
"home-products/new-arrivals-accessories/yci36ms2jxjarv3qd23t.jpg","home-products","true","true","","false","accessories","",""
"home-products/new-arrivals-accessories/zgf30zgw3mmgsamelnhh-0952430f-fa7e-4ebe-bc3f-6ab70244b7b8.jpg","home-products","true","false","","false","accessories","",""
"home-products/new-arrivals-apparel/Chrome-Hearts-x-Matty-Boy-FORM-Long-Sleeve-Jersey-Red-2.jpg","home-products","false","true","Chrome Hearts","true","apparel","Chrome-Hearts-x-Matty-Boy-FORM-Long-Sleeve-Jersey-Red","Chrome Hearts x Matty Boy FORM Long Sleeve Jersey Red"
"home-products/new-arrivals-apparel/Chrome-Hearts-x-Matty-Boy-FORM-Long-Sleeve-Jersey-Red.jpg","home-products","false","true","Chrome Hearts","true","apparel","Chrome-Hearts-x-Matty-Boy-FORM-Long-Sleeve-Jersey-Red","Chrome Hearts x Matty Boy FORM Long Sleeve Jersey Red"
"home-products/new-arrivals-apparel/Rhude-Classic-Logo-Twill-Short-NavyWhite-2.jpg","home-products","false","false","Rhude","true","apparel","Rhude-Classic-Logo-Twill-Short-NavyWhite","Rhude Classic Logo Twill Short NavyWhite"
"home-products/new-arrivals-apparel/Rhude-Classic-Logo-Twill-Short-NavyWhite.jpg","home-products","false","false","Rhude","true","apparel","Rhude-Classic-Logo-Twill-Short-NavyWhite","Rhude Classic Logo Twill Short NavyWhite"
"home-products/new-arrivals-apparel/Rhude-Montenegro-Regatta-Tee-Vintage-BlackNavy-2.webp","home-products","false","false","Rhude","true","apparel","Rhude-Montenegro-Regatta-Tee-Vintage-BlackNavy","Rhude Montenegro Regatta Tee Vintage BlackNavy"
"home-products/new-arrivals-apparel/Rhude-Montenegro-Regatta-Tee-Vintage-BlackNavy.webp","home-products","false","false","Rhude","true","apparel","Rhude-Montenegro-Regatta-Tee-Vintage-BlackNavy","Rhude Montenegro Regatta Tee Vintage BlackNavy"
"home-products/new-arrivals-apparel/Rhude-Regatta-Club-T-shirt-Vintage-White.webp","home-products","false","false","Rhude","true","apparel","Rhude-Regatta-Club-T-shirt-Vintage-White","Rhude Regatta Club T shirt Vintage White"
"home-products/new-arrivals-apparel/Rhude-Split-Petrol-Logo-Mesh-LS-Tee-Vintage-WhiteRed-2.webp","home-products","false","false","Rhude","true","apparel","Rhude-Split-Petrol-Logo-Mesh-LS-Tee-Vintage-WhiteRed","Rhude Split Petrol Logo Mesh LS Tee Vintage WhiteRed"
"home-products/new-arrivals-apparel/Rhude-Split-Petrol-Logo-Mesh-LS-Tee-Vintage-WhiteRed.webp","home-products","false","false","Rhude","true","apparel","Rhude-Split-Petrol-Logo-Mesh-LS-Tee-Vintage-WhiteRed","Rhude Split Petrol Logo Mesh LS Tee Vintage WhiteRed"
"home-products/new-arrivals-apparel/bgdtujiswcalnpce1shz.jpg","home-products","true","true","","false","apparel","",""
"home-products/new-arrivals-apparel/e6ssai0xvsucqbpl8eu6-0d755ce9-4b14-44fa-a1e4-0e4ccd6763cc.png","home-products","true","false","","false","apparel","",""
"home-products/new-arrivals-apparel/g2qsbaqpiifk913vj60s.jpg","home-products","true","false","","false","apparel","",""
"home-products/new-arrivals-apparel/jcceh9aynmmokzwnl7gk.webp","home-products","true","false","","false","apparel","",""
"home-products/new-arrivals-apparel/lhxzkcjwuwottlbqkozc.jpg","home-products","true","false","","false","apparel","",""
"home-products/new-arrivals-apparel/litvfmyci6qaihjtiaec.jpg","home-products","true","false","","false","apparel","",""
"home-products/new-arrivals-apparel/m63w0fnqn6zqre0irwr8.jpg","home-products","true","true","","false","apparel","",""
"home-products/new-arrivals-apparel/nnlmcfdaof1ib3ug9zhw-133e46d5-fde8-4aba-b781-628801c9f4d2.png","home-products","true","false","","false","apparel","",""
"home-products/new-arrivals-apparel/ox8yvnvjexwidahp26qy-7c5f6efe-9171-4365-874e-09add1b2463e.png","home-products","true","false","","false","apparel","",""
"home-products/new-arrivals-apparel/pyipj9xlvor30o5crbbw.jpg","home-products","true","true","","false","apparel","",""
"home-products/new-arrivals-apparel/rwggtmnatieip3bx6huz.jpg","home-products","true","true","","false","apparel","",""
"home-products/new-arrivals-apparel/ut0nrp9tfeqxrz1l9v1c-95e7c38c-236f-4cef-a5bd-ba72b27a3daa.png","home-products","true","false","","false","apparel","",""
"home-products/new-arrivals-apparel/xt1etc2zzj2u32wiyk8y.jpg","home-products","true","false","","false","apparel","",""
"home-products/new-arrivals-sneakers/Dior-B30-Pale-Pink-Blue-2.webp","home-products","false","false","Dior","true","sneakers","Dior-B30-Pale-Pink-Blue","Dior B30 Pale Pink Blue"
"home-products/new-arrivals-sneakers/Dior-B30-Pale-Pink-Blue.webp","home-products","false","false","Dior","true","sneakers","Dior-B30-Pale-Pink-Blue","Dior B30 Pale Pink Blue"
"home-products/new-arrivals-sneakers/aupaztyblqpota3dkw7n-a94faf9c-0be7-423a-8d3c-e475e5a9098f.webp","home-products","true","false","","false","sneakers","",""
"home-products/new-arrivals-sneakers/d0g8gaprospnoakdjwm7.jpg","home-products","true","false","","false","sneakers","",""
"home-products/new-arrivals-sneakers/dkur2oepr2f7j1ib6zlo-ba8ea979-8734-4c5d-ad10-61419bb82f25.jpg","home-products","true","false","","false","sneakers","",""
"home-products/new-arrivals-sneakers/edakurkt3nsjv3mmo784-f17a5abe-e050-429a-9546-6163c0aaf7fe.webp","home-products","true","false","","false","sneakers","",""
"home-products/new-arrivals-sneakers/fdyuyoei4lanknoo7v09-f529843d-e8e1-4f3a-a9cb-3186a5d4c311.jpg","home-products","true","true","","false","sneakers","",""
"home-products/new-arrivals-sneakers/key2yndvl4qpealkadr5.jpg","home-products","true","false","","false","sneakers","",""
"home-products/new-arrivals-sneakers/kwdshvgbo3wxif8xlqoy-56f4b74a-8fca-45e0-b353-2f303f599a2f.webp","home-products","true","false","","false","sneakers","",""
"home-products/new-arrivals-sneakers/kz3brtw0vpe1vvtoymoc-c0183184-f010-40d9-a263-70fa059dbf32.webp","home-products","true","false","","false","sneakers","",""
"home-products/new-arrivals-sneakers/mtmagtu2kjtgdychvnez-0a6f1930-7cbf-4e8d-9469-06fa5e2d8e23.jpg","home-products","true","false","","false","sneakers","",""
"home-products/new-arrivals-sneakers/nboasszmctgoipu50xzj-ac82fd3a-fcd0-45fa-92cd-b1eaac806a90.jpg","home-products","true","true","","false","sneakers","",""
"home-products/new-arrivals-sneakers/nhf8uoojd6lmfvqz9490-22b57af7-d57a-4cfa-bedb-c4d508054ef3.webp","home-products","true","false","","false","sneakers","",""
"home-products/new-arrivals-sneakers/p7qb1ii1pgris6idn0j6-e53802a7-0b3e-43c1-8c12-bb0a2229f36b.webp","home-products","true","false","","false","sneakers","",""
"home-products/new-arrivals-sneakers/pvh0qyalsrhvux4ae2a9-ad4cb7b2-64d4-4599-9409-89b01aa77516.webp","home-products","true","false","","false","sneakers","",""
"home-products/new-arrivals-sneakers/s1jrejgahdyhexhtmgnn-239e9055-4384-4f68-998e-64785ff78737.webp","home-products","true","false","","false","sneakers","",""
"home-products/new-arrivals-sneakers/snxtqjilbroa24vgyjhi-a0e2c7ef-31f5-4841-8dec-5ef134197216.webp","home-products","true","false","","false","sneakers","",""
"home-products/new-arrivals-sneakers/swtybdiwaffho4od9hes.webp","home-products","true","true","","false","sneakers","",""
"home-products/new-arrivals-sneakers/uiwn2b42vowq94td4vhg.jpg","home-products","true","false","","false","sneakers","",""
"home-products/new-arrivals-sneakers/usml0foikvvy66kcifac.webp","home-products","true","true","","false","sneakers","",""
"home-products/new-arrivals-sneakers/vj6ksinkq1htf5ygl2kx-1eec4a56-b881-4dbe-a4b9-b0e97e932e35.webp","home-products","true","false","","false","sneakers","",""
"home-products/new-arrivals-sneakers/vl48yhm8bt6r9w7mnu3f.webp","home-products","true","false","","false","sneakers","",""
"home-products/new-arrivals-sneakers/vrisvziuepps89wydyud-c8e7b8cc-200f-48e9-87b8-a7618b7b69ea.jpg","home-products","true","false","","false","sneakers","",""
"home-products/palyhollywood/buetbkgn40p20pcub4fb-132e557d-fad8-441b-8cbc-f4d13a833a1d.jpg","home-products","true","false","","false","","",""
"home-products/palyhollywood/cp3zykyp6nfvhyqjssw6-3da7ef31-896b-405a-84de-ff7afba63a98.jpg","home-products","true","false","","false","","",""
"home-products/palyhollywood/eptlc5puv4eb12smbsg7-124c0c9d-3a4c-4f02-b883-67969c309cbd.webp","home-products","true","false","","false","","",""
"home-products/palyhollywood/eyvawhikfclp4obkzmdi.jpg","home-products","true","false","","false","","",""
"home-products/palyhollywood/gh4x2cfzwr56kzc36ep0-529930b7-2452-4ffe-b2f5-ed55d7ef86fe.jpg","home-products","true","false","","false","","",""
"home-products/palyhollywood/jgpwr1kn3ayhb6cvo4dl.jpg","home-products","true","false","","false","","",""
"home-products/palyhollywood/kk578otcfpcxaw4pxqcn.webp","home-products","true","false","","false","","",""
"home-products/palyhollywood/nl58jrp3zlfo9lszy1xp-9f4d1a34-7748-48d1-a070-73fc071deabf.jpg","home-products","true","false","","false","","",""
"home-products/palyhollywood/pavjf9cf9n5tlywopi1s.webp","home-products","true","false","","false","","",""
"home-products/palyhollywood/q0flzvkjpkypum4ssa0u.webp","home-products","true","false","","false","","",""
"home-products/palyhollywood/t02htikwcogdf2oh9dtx-9ec1e19a-e922-4908-bcc1-8eb5a1f1845a.webp","home-products","true","false","","false","","",""
"home-products/palyhollywood/tjd0wzryc4zvburj8q2w.jpg","home-products","true","false","","false","","",""
"home-products/palyhollywood/u41rl7vnsmewh9k1l3cl.jpg","home-products","true","false","","false","","",""
"home-products/palyhollywood/wutu6zwykq5wyznrjyfc.jpg","home-products","true","false","","false","","",""
"home-products/palyhollywood/x0eimcvlfpumyuxypoun.webp","home-products","true","false","","false","","",""
"home-products/palyhollywood/xtxxyrei7kpr9i3tmdk2.webp","home-products","true","false","","false","","",""
"home-products/palyhollywood/yjg0etept2hxjoymms9e-6197e93d-0376-43dc-aa11-0bae5a2987a9.jpg","home-products","true","false","","false","","",""
"home-products/palyhollywood/z3zq9c93gmryltkmdr8p-0d4d8fa0-8ca8-4d85-88ab-ac75373acb31.jpg","home-products","true","false","","false","","",""
"home-products/satoshinakamoto/anepdxwlwwsia6zbq1x4.jpg","home-products","true","false","","false","","",""
"home-products/satoshinakamoto/bqunrnlhebr7hgqq1nfp-35da9eda-0fd4-4e28-9f9b-2692d4f2381f.png","home-products","true","false","","false","","",""
"home-products/satoshinakamoto/ek8heazshm5w1svvxfuq.jpg","home-products","true","false","","false","","",""
"home-products/satoshinakamoto/gxpj6yqyba2okfw1tgwj.jpg","home-products","true","false","","false","","",""
"home-products/satoshinakamoto/imayahoij5evdtgyhq1p.jpg","home-products","true","false","","false","","",""
"home-products/satoshinakamoto/iy6grv5eu5vuk87nruun-10e74f72-9f01-4bbe-93d8-9ec6bd632e33.jpg","home-products","true","false","","false","","",""
"home-products/satoshinakamoto/jmyoqv3zvevy7flevlqz-89d35178-bd32-4e55-9889-8dff12fee4a0.png","home-products","true","false","","false","","",""
"home-products/satoshinakamoto/lop9n4fcwaxys6zjyzvz.jpg","home-products","true","false","","false","","",""
"home-products/satoshinakamoto/lpv8c8scjeaqmogcfgfn-37dc31e3-9c6d-40a8-a5d6-0c9319f3f307.png","home-products","true","false","","false","","",""
"home-products/satoshinakamoto/lwscsnoec9kde1u1zkko-40debce1-b7f1-47c8-aa3c-c09d0b737299.png","home-products","true","false","","false","","",""
"home-products/satoshinakamoto/mkvpkbeqvd7k4rmnp95e-ac8e3f58-367d-4d1f-8c64-ff967e992955.jpg","home-products","true","false","","false","","",""
"home-products/satoshinakamoto/r10uag9r8cnifcedkphi-a8f85282-9b83-4a7d-808e-743982e64d10.jpg","home-products","true","false","","false","","",""
"home-products/satoshinakamoto/rakewbyqlaysbi1wlqwa.jpg","home-products","true","false","","false","","",""
"home-products/satoshinakamoto/ruefkyeck7bcr8lp0e0a.jpg","home-products","true","false","","false","","",""
"home-products/satoshinakamoto/u1kqqiqdylmc2cz1aztw.jpg","home-products","true","false","","false","","",""
"home-products/satoshinakamoto/vzvintg2konh3zdgppnc-88d819d9-6d01-4764-a342-2e8e2aa5a4f5.jpg","home-products","true","false","","false","","",""
"home-products/satoshinakamoto/xb30kbhyoe4nqvgempls-cc7e7922-cc03-4d42-a0b1-4163ce8bfa8f.jpg","home-products","true","false","","false","","",""
"home-products/satoshinakamoto/yadsw0qfnjnbcccvn3zo.jpg","home-products","true","false","","false","","",""
"home-products/satoshinakamoto/yq7i98l5huyynrb2gwiz.jpg","home-products","true","false","","false","","",""
"home-products/valeforever/b3tgal77wp7h66u29clm-217e5357-3614-477a-a34b-7ffb8db2800e.jpg","home-products","true","false","","false","","",""
"home-products/valeforever/dcnxoncr9oucu9tnqeea-ab1b4ad4-1b26-40a4-9a27-e148986561eb.jpg","home-products","true","false","","false","","",""
"home-products/valeforever/ddtk4ii3xbueaep0uvtl-84c76289-0e32-4eda-9d53-977379092537.jpg","home-products","true","false","","false","","",""
"home-products/valeforever/dnfoxpo6l6z9kibrhpyg.jpg","home-products","true","false","","false","","",""
"home-products/valeforever/fs0cxwfjl38wjjo0c2rm-6989dfe2-c23c-4596-9a9f-3bd3ef8e1812.jpg","home-products","true","false","","false","","",""
"home-products/valeforever/gqw6bahyvuhqeajkggt3.jpg","home-products","true","false","","false","","",""
"home-products/valeforever/iecw8fxaxl1pzng7huwc-aa5287f7-4024-4a48-b064-8f854f19dad2.jpg","home-products","true","false","","false","","",""
"home-products/valeforever/mfuorrrtkpigzjbuk2pg.jpg","home-products","true","false","","false","","",""
"home-products/valeforever/nivglb8qub5fn59udjtg.jpg","home-products","true","false","","false","","",""
"home-products/valeforever/pbczxrlf6qfbllrf1w37-277a58af-b984-4300-9f54-2aed3a8e1f2a.jpg","home-products","true","false","","false","","",""
"home-products/valeforever/qh3qvkn3axtb6m8cwtdp-d3215f0e-9721-465b-afe4-04034efc87ab.jpg","home-products","true","false","","false","","",""
"home-products/valeforever/scgxynqr27t6f4tsuzk6-bd0f01a1-918b-48a0-bcbd-c8122f45ee0d.jpg","home-products","true","false","","false","","",""
"home-products/valeforever/two81p7wytu6hblcilyr-6c18da57-649c-4b63-b183-30227f433882.jpg","home-products","true","false","","false","","",""
"home-products/valeforever/w5xmahgh4iysjq10qr58-ae15329d-5f06-41ef-91b7-30da954bcbe7.jpg","home-products","true","true","","false","","",""
"home-products/valeforever/wtd8jqpnuwj74tnxk5vj.jpg","home-products","true","false","","false","","",""
"home-products/valeforever/xwgfu6neakwusbtghkje.jpg","home-products","true","false","","false","","",""
"home-products/valeforever/ymv8rkzhmmtibvqqqyha-ab929849-7ebd-4a9a-aad9-b542ecee58e1.jpg","home-products","true","false","","false","","",""